Date,CGNX,EMR,HON,ISRG,NVDA,PH,QQQ,ROK,SPY,TER
2020-08-12,62.681640625,63.3217658996582,139.94931030273438,227.69667053222656,11.387499809265137,193.6201934814453,262.722900390625,213.38827514648438,310.75323486328125,87.60321044921875
2020-08-13,63.852962493896484,62.353572845458984,139.78224182128906,230.18666076660156,11.390236854553223,192.08645629882812,263.3221435546875,211.46328735351562,310.1915283203125,87.92567443847656
2020-08-14,63.49542999267578,61.936100006103516,140.92526245117188,228.17333984375,11.510676383972168,193.67564392089844,263.0128479003906,210.62820434570312,310.2007141113281,88.00384521484375
2020-08-17,64.22926330566406,61.509765625,139.58883666992188,231.3333282470703,12.28011417388916,192.85330200195312,266.0666809082031,211.89903259277344,311.1861572265625,89.88002014160156
2020-08-18,63.128509521484375,60.71925354003906,138.37547302246094,230.79666137695312,12.204214096069336,190.99618530273438,268.6275634765625,211.5087127685547,311.8584899902344,89.14713287353516
2020-08-19,63.9282112121582,60.6837272644043,137.90943908691406,230.47000122070312,12.082526206970215,190.43264770507812,266.8204040527344,207.5693359375,310.5598449707031,88.17974090576172
2020-08-20,62.197105407714844,60.097496032714844,137.31158447265625,231.01666259765625,12.085016250610352,189.28689575195312,270.5216369628906,205.89010620117188,311.52679443359375,86.70420837402344
2020-08-21,62.1124267578125,60.2751350402832,138.48095703125,231.2933349609375,12.625015258789062,190.62664794921875,272.3965148925781,207.42410278320312,312.6319274902344,85.99085998535156
2020-08-24,63.10029602050781,61.86507797241211,140.12518310546875,231.913330078125,12.661595344543457,193.814208984375,274.0972595214844,209.48452758789062,315.7998962402344,87.05597686767578
2020-08-25,63.598907470703125,61.98052215576172,144.66207885742188,233.1666717529297,12.69120979309082,193.59243774414062,276.25238037109375,209.52993774414062,316.9049377441406,88.24812316894531
2020-08-26,64.08814239501953,62.415733337402344,145.34788513183594,233.3300018310547,12.714102745056152,193.8234405517578,282.1473693847656,210.93682861328125,320.0821533203125,87.81820678710938
2020-08-27,62.67693328857422,61.811763763427734,145.94578552246094,236.4633331298828,12.57001781463623,192.79354858398438,281.2679748535156,210.5919189453125,320.7819519042969,82.84439086914062
2020-08-28,64.35157012939453,62.7532844543457,148.04713439941406,242.336669921875,13.087125778198242,195.28013610839844,282.69818115234375,211.73562622070312,322.8540954589844,83.7726821899414
2020-08-31,65.09481811523438,61.70518112182617,145.5588836669922,243.6133270263672,13.312829971313477,191.14199829101562,284.96929931640625,209.24853515625,321.6845703125,83.03004455566406
2020-09-01,65.87568664550781,62.291404724121094,147.68667602539062,247.19000244140625,13.761384010314941,196.486328125,289.83984375,212.34378051757812,324.71435546875,83.40137481689453
2020-09-02,67.28689575195312,62.79769515991211,151.643310546875,255.0366668701172,14.284618377685547,198.86154174804688,292.58441162109375,215.39361572265625,329.4110107421875,86.4537353515625
2020-09-03,62.72395706176758,61.056766510009766,146.2183074951172,247.20333862304688,12.959360122680664,191.4203643798828,277.7502746582031,207.68736267089844,318.0745849609375,80.15336608886719
2020-09-04,59.44994354248047,61.76735305786133,146.56124877929688,245.0933380126953,12.5680570602417,192.33889770507812,274.0489501953125,207.17901611328125,315.4775085449219,76.89557647705078
2020-09-08,57.03205490112305,60.18631362915039,144.43348693847656,231.38999938964844,11.861617088317871,188.45130920410156,260.8770751953125,200.5256805419922,306.8578796386719,73.89216613769531
2020-09-09,59.17710876464844,61.021240234375,145.73477172851562,239.82666015625,12.66015911102295,192.14404296875,268.5406494140625,203.83871459960938,312.9173889160156,75.2031021118164
2020-09-10,58.85723876953125,59.96425247192383,144.43348693847656,235.1999969482422,12.258648872375488,189.564697265625,263.186767578125,199.1187744140625,307.4840393066406,73.80410766601562
2020-09-11,58.52794647216797,60.32841873168945,146.35020446777344,234.17999267578125,12.112032890319824,194.036865234375,261.3602600097656,201.7329559326172,307.6405944824219,73.29537200927734
2020-09-14,59.976783752441406,60.56825256347656,148.12632751464844,238.77999877929688,12.816729545593262,196.18017578125,265.9119873046875,203.92047119140625,311.6925354003906,75.15416717529297
2020-09-15,60.447208404541016,60.763671875,147.97682189941406,238.52333068847656,12.934966087341309,194.77911376953125,269.6808776855469,204.02029418945312,313.2674255371094,75.52594757080078
2020-09-16,59.73219299316406,61.003475189208984,149.4715118408203,230.4633331298828,12.460521697998047,198.86154174804688,265.38043212890625,204.48321533203125,312.0240478515625,74.67478942871094
2020-09-17,59.261783599853516,61.36764144897461,149.77047729492188,226.9566650390625,12.409741401672363,198.6202850341797,261.23468017578125,201.6875457763672,309.27978515625,75.95637512207031
2020-09-18,57.87877655029297,60.2662467956543,148.32850646972656,218.52333068847656,12.136674880981445,193.36880493164062,257.9004821777344,198.7466583251953,305.7191162109375,74.71395111083984
2020-09-21,57.6247673034668,57.717037200927734,141.88368225097656,213.98333740234375,12.463260650634766,184.62863159179688,258.5191345214844,189.77874755859375,302.3166809082031,75.25200653076172
2020-09-22,58.48090362548828,57.9390983581543,143.03549194335938,222.0066680908203,12.58324146270752,186.15032958984375,263.3221435546875,194.3262176513672,305.3955078125,74.89981842041016
2020-09-23,57.01323699951172,56.74886703491211,139.615234375,219.1366729736328,12.071457862854004,181.36270141601562,255.28172302246094,193.13711547851562,298.3130798339844,73.77474212646484
2020-09-24,57.56831741333008,57.19298553466797,139.58883666992188,219.17666625976562,12.29473876953125,181.78021240234375,256.4703674316406,197.30343627929688,299.10821533203125,74.64544677734375
2020-09-25,58.00109100341797,57.139678955078125,141.98916625976562,224.57666015625,12.818221092224121,185.54721069335938,262.43304443359375,195.7603759765625,303.9438781738281,76.03466796875
2020-09-28,59.71335983276367,58.196685791015625,144.7587890625,231.05332946777344,12.978775978088379,188.29359436035156,267.8834228515625,199.68153381347656,308.9923095703125,77.48255920410156
2020-09-29,61.11518096923828,57.87691879272461,144.64447021484375,230.97666931152344,13.16870403289795,187.58840942382812,266.67547607421875,200.80711364746094,307.3094787597656,78.12826538085938
2020-09-30,61.24689483642578,58.241092681884766,144.7323760986328,236.51333618164062,13.472140312194824,187.7368621826172,268.5019226074219,200.307861328125,309.6395263671875,77.73694610595703
2020-10-01,61.67966079711914,57.40616226196289,143.91470336914062,236.83999633789062,13.555776596069336,186.24307250976562,272.76373291015625,199.25491333007812,311.6273498535156,79.53703308105469
2020-10-02,60.59772872924805,58.214447021484375,145.61166381835938,232.0933380126953,13.00590991973877,192.33889770507812,265.0905456542969,202.803955078125,308.6686706542969,76.91514587402344
2020-10-05,62.91212844848633,60.035301208496094,148.3461151123047,235.89999389648438,13.583654403686523,197.75746154785156,270.7439270019531,211.69021606445312,314.14227294921875,79.46855163574219
2020-10-06,62.2253303527832,59.75996780395508,146.73707580566406,233.0066680908203,13.677249908447266,194.6956329345703,265.9119873046875,211.29989624023438,309.67645263671875,79.35115814208984
2020-10-07,64.12578582763672,61.18113327026367,150.83436584472656,240.0933380126953,13.903769493103027,201.84913635253906,270.511962890625,214.5948028564453,315.0668640136719,80.50556945800781
2020-10-08,64.33275604248047,61.536415100097656,152.7951202392578,241.0066680908203,13.779061317443848,202.18319702148438,271.9519958496094,218.86094665527344,317.85919189453125,80.69145202636719
2020-10-09,65.20771026611328,62.13152313232422,153.32261657714844,246.06333923339844,13.703385353088379,202.3687744140625,276.10736083984375,221.72923278808594,320.69775390625,84.23294830322266
2020-10-12,65.80044555664062,61.80287170410156,154.18429565429688,251.88999938964844,14.164639472961426,202.3316192626953,284.6310729980469,221.6838836669922,325.85699462890625,84.75144958496094
2020-10-13,65.03836822509766,61.19000244140625,150.83436584472656,251.78334045410156,14.186793327331543,199.96568298339844,284.6212463378906,220.70350646972656,323.73040771484375,85.7297592163086
2020-10-14,63.37313461303711,61.625240325927734,152.5225372314453,250.36000061035156,14.034455299377441,200.42959594726562,282.2439270019531,221.4568634033203,321.69622802734375,85.0449447631836
2020-10-15,63.231990814208984,61.80287170410156,151.76638793945312,247.0,13.909741401672363,206.59039306640625,280.349853515625,224.60653686523438,321.2986755371094,85.39714813232422
2020-10-16,64.80316162109375,62.42463684082031,153.74468994140625,250.89332580566406,13.751927375793457,206.77593994140625,278.8133239746094,226.04074096679688,321.1044921875,84.71229553222656
2020-10-19,64.63380432128906,62.14040756225586,150.8695526123047,245.3733367919922,13.439531326293945,205.57904052734375,274.2615966796875,221.89259338378906,316.22259521484375,84.79058074951172
2020-10-20,64.39861297607422,62.175933837890625,152.337890625,244.3333282470703,13.58664321899414,207.4347381591797,274.8511657714844,218.73382568359375,317.4892883300781,86.03304290771484
2020-10-21,64.49269104003906,61.474239349365234,151.9949493408203,242.82666015625,13.466413497924805,206.33982849121094,274.6385803222656,214.9578857421875,316.8883361816406,90.0734634399414
2020-10-22,65.49935150146484,61.96276092529297,155.494384765625,244.31333923339844,13.30336856842041,209.0862274169922,274.6287841796875,217.23617553710938,318.6265563964844,88.9679946899414
2020-10-23,65.791015625,62.19371032714844,154.34255981445312,245.16000366210938,13.531630516052246,209.8377685546875,275.16998291015625,220.65814208984375,319.7083740234375,90.0050048828125
2020-10-26,63.438987731933594,60.1596794128418,149.62100219726562,237.2566680908203,13.08457088470459,202.9439697265625,271.04351806640625,215.06683349609375,313.80023193359375,87.64726257324219
2020-10-27,62.752201080322266,59.44020080566406,146.61399841308594,240.3000030517578,13.338968276977539,196.47705078125,273.15997314453125,215.01239013671875,312.7183837890625,85.56346130371094
2020-10-28,61.275115966796875,57.725914001464844,141.6990203857422,229.26666259765625,12.57253646850586,188.5626220703125,262.5103759765625,212.40731811523438,302.0300598144531,83.68505859375
2020-10-29,63.65536117553711,57.237403869628906,144.7235870361328,228.75999450683594,12.967826843261719,192.83993530273438,267.1006774902344,214.06834411621094,305.09967041015625,86.6200180053711
2020-10-30,61.999542236328125,57.548282623291016,145.03134155273438,222.36000061035156,12.479937553405762,193.3224334716797,260.3261413574219,215.23016357421875,301.9190368652344,85.94499206542969
2020-11-02,63.61774826049805,60.36394500732422,152.64561462402344,225.32666015625,12.526485443115234,202.28526306152344,260.9061584472656,222.73675537109375,305.3030090332031,87.75487518310547
2020-11-03,66.00741577148438,62.531227111816406,157.5693817138672,227.3333282470703,12.963342666625977,209.87489318847656,265.4190673828125,229.98007202148438,310.6934509277344,87.88206481933594
2020-11-04,68.35002899169922,60.532718658447266,157.3055877685547,236.5500030517578,13.73475456237793,202.21104431152344,277.26708984375,220.2860107421875,317.6372985839844,93.77153015136719
2020-11-05,69.52604675292969,62.593406677246094,161.14788818359375,242.75999450683594,14.098926544189453,221.69989013671875,284.4956970214844,227.19349670410156,323.8321533203125,97.16626739501953
2020-11-06,68.07719421386719,62.28252029418945,162.0183868408203,244.6233367919922,14.499189376831055,221.30860900878906,284.70831298828125,226.41285705566406,323.7581481933594,98.08588409423828
2020-11-09,66.36490631103516,67.76287841796875,173.20233154296875,257.8166809082031,13.571958541870117,235.49671936035156,278.8905944824219,231.22366333007812,327.8263854980469,99.3283462524414
2020-11-10,65.48053741455078,68.78435516357422,177.58978271484375,249.8333282470703,12.714920043945312,243.29415893554688,273.8944091796875,226.05886840820312,327.3455810546875,96.02165985107422
2020-11-11,67.95488739013672,66.52824401855469,175.22459411621094,245.85000610351562,13.360126495361328,242.9308319091797,280.02130126953125,219.8321533203125,329.7773132324219,98.98592376708984
2020-11-12,65.97753143310547,66.38069915771484,174.23521423339844,246.92333984375,13.398704528808594,239.29762268066406,278.7069396972656,213.37852478027344,326.578125,98.30113220214844
2020-11-13,67.02271270751953,67.79364776611328,178.03367614746094,251.1266632080078,13.239648818969727,241.27256774902344,281.1519470214844,218.6398162841797,331.0994567871094,100.0718765258789
2020-11-16,68.69873809814453,69.74310302734375,184.26144409179688,252.72999572753906,13.45695686340332,249.5637664794922,283.3456726074219,219.952880859375,335.2323913574219,104.85582733154297
2020-11-17,67.19218444824219,68.31229400634766,181.38168334960938,249.71665954589844,13.364356994628906,245.12001037597656,282.4469299316406,220.04408264160156,333.42950439453125,103.61336517333984
2020-11-18,66.15644073486328,68.75943756103516,177.65386962890625,244.4600067138672,13.370828628540039,246.9087677001953,280.3594970703125,223.85552978515625,329.4166564941406,102.54700469970703
2020-11-19,67.19218444824219,69.07240295410156,179.07611083984375,244.64999389648438,13.382278442382812,250.44876098632812,282.55322265625,228.08642578125,330.8035583496094,104.16123962402344
2020-11-20,67.64417266845703,67.9277572631836,178.44007873535156,243.5800018310547,13.03130054473877,248.84642028808594,280.6204833984375,225.7976837158203,328.53826904296875,104.0242691040039
2020-11-23,67.11685180664062,69.58214569091797,180.71914672851562,239.68333435058594,13.08332633972168,253.3087615966797,280.630126953125,229.58184814453125,330.507568359375,105.97110748291016
2020-11-24,69.16954040527344,71.495849609375,183.64312744140625,241.6133270263672,12.901860237121582,260.7148132324219,284.5729675292969,234.1683807373047,335.83343505859375,106.72512817382812
2020-11-25,68.72698211669922,69.98457336425781,183.45758056640625,242.1233367919922,13.17766284942627,255.34890747070312,286.32220458984375,233.8218536376953,335.3156433105469,106.088623046875
2020-11-27,70.14881134033203,69.8951187133789,184.98582458496094,243.27333068847656,13.20405101776123,254.1844482421875,288.9604797363281,233.36593627929688,336.24945068359375,107.12660217285156
2020-11-30,70.75142669677734,68.69684600830078,180.13613891601562,242.01666259765625,13.343696594238281,248.97686767578125,289.5498962402344,233.028564453125,334.7608337402344,108.04705047607422
2020-12-01,71.6270980834961,67.75785064697266,182.15017700195312,244.5500030517578,13.332246780395508,251.86473083496094,293.2608337402344,225.18678283691406,338.4222717285156,112.72772979736328
2020-12-02,71.58000946044922,67.87411499023438,183.74026489257812,250.42666625976562,13.486080169677734,251.6318817138672,293.6377868652344,224.94058227539062,339.1341857910156,111.59184265136719
2020-12-03,70.23353576660156,67.49853515625,183.93463134765625,252.9066619873047,13.34216022491455,250.70956420898438,294.05328369140625,223.61843872070312,339.041748046875,111.37641143798828
2020-12-04,71.98489379882812,71.62998962402344,187.87440490722656,260.11334228515625,13.503756523132324,256.87677001953125,295.25164794921875,226.0986328125,341.96343994140625,113.61880493164062
2020-12-07,72.05081939697266,70.79833221435547,186.47869873046875,254.79666137695312,13.552064895629883,252.9640350341797,296.9234619140625,223.51817321777344,341.26080322265625,114.72533416748047
2020-12-08,73.491455078125,72.7388687133789,187.33555603027344,255.11666870117188,13.296347618103027,255.47933959960938,297.92852783203125,227.59400939941406,342.2593688964844,116.2039566040039
2020-12-09,71.70242309570312,72.97137451171875,187.48573303222656,251.1699981689453,12.878780364990234,257.41705322265625,291.18304443359375,229.1259307861328,339.189697265625,111.65057373046875
2020-12-10,71.80599975585938,72.75675964355469,187.24720764160156,252.69000244140625,12.920113563537598,255.6656036376953,292.3524169921875,225.01356506347656,339.0787658691406,113.27606964111328
2020-12-11,74.1170425415039,73.70466613769531,189.59695434570312,253.3333282470703,12.960948944091797,255.88931274414062,291.7049560546875,224.9679718017578,338.6811828613281,112.97254180908203
2020-12-14,75.2676773071289,71.90721893310547,187.14122009277344,254.92999267578125,13.255261421203613,251.61318969726562,293.8212890625,221.56683349609375,337.1648864746094,114.74491119384766
2020-12-15,75.499755859375,73.72254943847656,189.19064331054688,256.163330078125,13.306804656982422,256.9233703613281,296.962158203125,225.42388916015625,341.72308349609375,117.93716430664062
2020-12-16,76.07025909423828,72.68521881103516,185.78086853027344,255.35333251953125,13.189277648925781,254.1471710205078,298.5953674316406,224.0652313232422,342.2593688964844,117.28107452392578
2020-12-17,77.15326690673828,72.57791137695312,187.22071838378906,259.9266662597656,13.287631034851074,254.6036834716797,300.5474548339844,225.39649963378906,344.1733093261719,116.86981964111328
2020-12-18,76.44738006591797,72.34539031982422,185.54232788085938,263.0299987792969,13.218660354614258,253.3926239013672,299.6390075683594,226.0895233154297,342.799072265625,118.08402252197266
2020-12-21,78.13955688476562,72.05029296875,186.0900115966797,263.0899963378906,13.278666496276855,254.12864685058594,299.07843017578125,227.37518310546875,341.5733947753906,117.24192810058594
2020-12-22,77.8494644165039,70.94141387939453,183.68727111816406,271.75,13.224881172180176,249.27496337890625,299.8917236328125,225.80685424804688,340.9977111816406,116.10604095458984
2020-12-23,79.21286010742188,71.5584487915039,185.49813842773438,269.8833312988281,12.956962585449219,250.97039794921875,298.38140869140625,226.1624298095703,341.3041076660156,114.82324981689453
2020-12-24,78.06221008300781,71.52268981933594,185.091796875,269.0,12.94152545928955,251.01708984375,299.6980285644531,226.7095489501953,342.63201904296875,116.40957641601562
2020-12-28,79.6866683959961,71.42432403564453,185.4539794921875,268.38665771484375,12.848153114318848,249.3867950439453,302.7186584472656,226.46336364746094,345.575439453125,115.28348541259766
2020-12-29,77.8978271484375,70.86092376708984,184.7384796142578,271.3566589355469,12.891230583190918,247.92417907714844,302.98974609375,224.91323852539062,344.9161376953125,114.76449584960938
2020-12-30,78.21691131591797,71.37960052490234,186.34620666503906,271.76666259765625,13.092914581298828,251.734375,302.9993896484375,227.13812255859375,345.4082336425781,117.79029083251953
2020-12-31,77.6367416381836,71.8714599609375,187.89207458496094,272.70001220703125,13.002532005310059,253.77459716796875,303.74481201171875,228.69737243652344,347.1631164550781,117.39859771728516
2021-01-04,77.56904602050781,69.7610092163086,183.69606018066406,266.6666564941406,13.060795783996582,247.82162475585938,299.4560546875,224.74002075195312,342.4369201660156,116.7131576538086
2021-01-05,78.9808120727539,70.96823120117188,184.14663696289062,268.3500061035156,13.350874900817871,253.41119384765625,301.9247131347656,225.28709411621094,344.79547119140625,118.96536254882812
2021-01-06,80.85670471191406,73.35589599609375,187.5033721923828,264.2633361816406,12.563800811767578,261.6370544433594,297.74237060546875,235.7640380859375,346.8568115234375,119.86624145507812
2021-01-07,82.75191497802734,73.39168548583984,187.8125762939453,269.4033203125,13.290369033813477,262.11224365234375,304.94537353515625,236.65768432617188,352.0101623535156,127.21038055419922
2021-01-08,82.9549789428711,73.16812896728516,185.5334930419922,272.9166564941406,13.223389625549316,261.4601135253906,308.8663635253906,238.72752380371094,354.0158386230469,129.4038543701172
2021-01-11,82.87763214111328,73.88350677490234,184.05824279785156,271.2166748046875,13.566753387451172,264.59027099609375,304.4033203125,239.43878173828125,351.6294860839844,132.88003540039062
2021-01-12,81.95903778076172,75.09075927734375,184.5176239013672,262.80999755859375,13.430553436279297,268.07440185546875,303.9193115234375,242.06484985351562,351.7037658691406,134.24114990234375
2021-01-13,81.36915588378906,73.90140533447266,182.87457275390625,270.48333740234375,13.477364540100098,266.63983154296875,305.9716796875,239.28375244140625,352.65087890625,133.1934356689453
2021-01-14,83.69953155517578,74.5273666381836,184.2790985107422,265.71331787109375,13.147195816040039,271.20458984375,304.33544921875,239.58465576171875,351.4158630371094,135.51416015625
2021-01-15,81.2628173828125,73.99978637695312,181.94703674316406,259.47332763671875,12.807818412780762,265.6617431640625,301.9247131347656,233.0650177001953,348.8531494140625,134.4468231201172
2021-01-19,82.56819915771484,74.60787963867188,182.64488220214844,259.4700012207031,12.972899436950684,269.0433044433594,306.3298034667969,237.9889678955078,351.5923156738281,137.7076416015625
2021-01-20,82.82927703857422,75.46635437011719,183.81092834472656,266.19000244140625,13.312031745910645,267.2452697753906,313.4553527832031,240.6970977783203,356.4578552246094,135.7295684814453
2021-01-21,82.36515045166016,75.35009765625,181.29339599609375,266.22332763671875,13.811765670776367,260.10003662109375,315.962890625,244.0982666015625,356.78289794921875,137.3257293701172
2021-01-22,81.58191680908203,74.87614440917969,178.66090393066406,248.02667236328125,13.657384872436523,256.345703125,315.0528259277344,242.5207977294922,355.5200500488281,135.0832977294922
2021-01-25,81.5239028930664,73.7583236694336,178.3252410888672,250.6699981689453,13.598377227783203,251.315185546875,317.65716552734375,237.8521728515625,356.9222106933594,137.19839477539062
2021-01-26,79.04847717285156,73.23070526123047,177.6096954345703,256.54998779296875,13.381255149841309,248.77188110351562,318.1217956542969,222.89805603027344,356.36505126953125,135.23019409179688
2021-01-27,78.32328796386719,71.1113052368164,176.1256103515625,252.91000366210938,12.86583423614502,232.82305908203125,309.2536315917969,219.7978515625,347.6553039550781,127.40619659423828
2021-01-28,78.83575439453125,72.50635528564453,179.1820831298828,255.1199951171875,12.998546600341797,247.37452697753906,311.08343505859375,229.052978515625,350.64520263671875,117.44757843017578
2021-01-29,79.41594696044922,70.95929718017578,172.58334350585938,249.2133331298828,12.937543869018555,246.50814819335938,304.538818359375,226.61837768554688,343.6253967285156,111.12181091308594
2021-02-01,80.82767486572266,72.27384948730469,172.75120544433594,248.70333862304688,13.183798789978027,249.84323120117188,312.1484069824219,225.84327697753906,349.3453369140625,115.10723876953125
2021-02-02,82.44249725341797,74.92086791992188,176.77931213378906,252.6133270263672,13.502264976501465,250.020263671875,317.2408447265625,230.25660705566406,354.2850341796875,119.08285522460938
2021-02-03,82.88729858398438,74.83143615722656,175.91360473632812,248.46665954589844,13.476120948791504,252.66592407226562,315.9822692871094,223.75521850585938,354.5636901855469,118.06444549560547
2021-02-04,83.37075805664062,75.26068115234375,177.19447326660156,252.35000610351562,13.609333038330078,250.5791778564453,319.7192077636719,219.9984588623047,358.59356689453125,122.91158294677734
2021-02-05,84.14431762695312,77.00448608398438,179.2527618408203,254.0833282470703,13.536375045776367,260.35150146484375,320.80352783203125,221.4755859375,360.0049743652344,123.49913787841797
2021-02-08,85.65279388427734,77.3711166381836,180.0831298828125,256.663330078125,14.380718231201172,259.5783386230469,322.9527893066406,225.46034240722656,362.60479736328125,126.40740966796875
2021-02-09,86.03958129882812,76.81668090820312,178.45767211914062,259.7833251953125,14.205924987792969,257.61590576171875,322.88507080078125,224.7855682373047,362.3633728027344,125.60444641113281
2021-02-10,85.44971466064453,76.06549835205078,178.58140563964844,262.6966552734375,14.704911231994629,255.0645294189453,322.1492919921875,223.17160034179688,362.2055358886719,126.03532409667969
2021-02-11,86.87113952636719,76.60975646972656,178.5990447998047,266.27667236328125,15.189455032348633,255.14865112304688,323.9209289550781,225.09559631347656,362.79052734375,132.23379516601562
2021-02-12,90.88400268554688,76.76268005371094,179.8269500732422,269.2699890136719,14.901121139526367,258.1578369140625,325.7314453125,228.20018005371094,364.5827331542969,139.45062255859375
2021-02-16,87.50933074951172,76.52879333496094,179.71209716796875,263.98333740234375,15.268636703491211,258.1391906738281,324.8504638671875,228.69471740722656,364.2668762207031,140.65504455566406
2021-02-17,84.26036834716797,76.34888458251953,178.35171508789062,260.0199890136719,14.846089363098145,254.20474243164062,323.2917175292969,227.2111358642578,364.3504943847656,136.40524291992188
2021-02-18,82.9066390991211,75.90807342529297,179.78277587890625,255.8433380126953,14.76939868927002,250.77493286132812,321.8782653808594,223.63037109375,362.7998352050781,133.75946044921875
2021-02-19,84.5407943725586,76.87063598632812,179.81813049316406,250.0500030517578,14.866510391235352,261.41943359375,320.4743957519531,227.3301544189453,362.1591796875,139.72718811035156
2021-02-22,81.49488067626953,77.51835632324219,179.87112426757812,247.13333129882812,14.298052787780762,263.8305969238281,312.167724609375,223.41055297851562,359.37353515625,129.73194885253906
2021-02-23,80.41189575195312,78.08509063720703,181.12545776367188,248.23666381835938,14.085162162780762,267.28826904296875,311.2383117675781,224.74761962890625,359.8099060058594,127.17439270019531
2021-02-24,80.95338439941406,80.03721618652344,186.41688537597656,252.90333557128906,14.440728187561035,277.6243591308594,313.80389404296875,226.24032592773438,363.7748107910156,131.49583435058594
2021-02-25,78.78584289550781,78.56189727783203,181.70541381835938,247.26333618164062,13.254015922546387,270.4471130371094,302.8638610839844,223.83180236816406,355.0093994140625,123.11748504638672
2021-02-26,79.91800689697266,77.27546691894531,179.54043579101562,245.60000610351562,13.659379959106445,268.17608642578125,304.1322326660156,222.79693603515625,353.1801452636719,126.0278549194336
2021-03-01,82.44357299804688,79.56044006347656,182.9741973876953,253.07000732421875,13.786120414733887,278.1008605957031,313.28106689453125,230.0867462158203,361.7413024902344,131.30963134765625
2021-03-02,80.00508880615234,78.8317642211914,183.2936248779297,250.0,13.352370262145996,276.5963134765625,308.25653076171875,227.76976013183594,358.9185485839844,124.25422668457031
2021-03-03,76.86991882324219,79.64142608642578,183.67514038085938,242.38333129882812,12.753288269042969,277.1289978027344,299.310791015625,229.72042846679688,354.16436767578125,119.05082702636719
2021-03-04,74.56690979003906,79.60543060302734,180.0639190673828,236.38999938964844,12.32053279876709,273.95166015625,294.4120178222656,225.35203552246094,349.78173828125,111.68180847167969
2021-03-05,75.80549621582031,81.8994140625,183.2936248779297,237.7899932861328,12.411415100097656,280.353271484375,298.8460998535156,231.7809600830078,356.2164306640625,111.61319732666016
2021-03-08,72.7574234008789,82.87995147705078,184.28738403320312,228.3000030517578,11.54665470123291,279.2504577636719,290.384521484375,236.1584930419922,354.44293212890625,102.1079330444336
2021-03-09,75.83454132080078,80.96383666992188,184.20755004882812,234.26666259765625,12.474234580993652,276.5216064453125,301.837646484375,237.85276794433594,359.5035095214844,111.0644302368164
2021-03-10,75.69904327392578,82.51113891601562,188.9100799560547,239.93666076660156,12.4224271774292,286.2501220703125,300.97601318359375,241.4610137939453,361.7413024902344,106.72339630126953
2021-03-11,77.64403533935547,82.14228820800781,188.5463104248047,244.0,12.945741653442383,288.0912780761719,307.907958984375,242.00131225585938,365.40899658203125,111.57402038574219
2021-03-12,78.5149154663086,82.94293212890625,190.21437072753906,244.663330078125,12.808751106262207,292.1004333496094,305.41009521484375,242.907958984375,365.9011535644531,110.56468963623047
2021-03-15,81.08883666992188,81.79144287109375,191.82925415039062,245.02000427246094,13.142768859863281,294.29656982421875,308.6727600097656,242.74313354492188,368.08331298828125,115.38592529296875
2021-03-16,80.6340560913086,80.11819458007812,187.93411254882812,242.2100067138672,13.242401123046875,289.6331787109375,310.36700439453125,236.5889892578125,367.6189880371094,114.9939193725586
2021-03-17,80.57601165771484,81.43159484863281,189.0166015625,241.54666137695312,13.292216300964355,294.07232666015625,311.64501953125,239.32720947265625,368.8725280761719,115.11151885986328
2021-03-18,77.44083404541016,80.47801971435547,190.7822723388672,233.10667419433594,12.675738334655762,294.427490234375,302.0990295410156,238.39309692382812,363.5055847167969,110.11392974853516
2021-03-19,76.6860580444336,79.60543060302734,188.9100799560547,235.8300018310547,12.798537254333496,290.68927001953125,303.1640625,236.55230712890625,362.83294677734375,112.6029281616211
2021-03-22,76.44415283203125,80.37908935546875,188.218017578125,238.2433319091797,13.137787818908691,290.6238708496094,308.849365234375,239.82171630859375,365.73016357421875,114.6607666015625
2021-03-23,73.38639068603516,78.46294403076172,185.07705688476562,236.94000244140625,13.022710800170898,285.6894836425781,307.501953125,236.9369659423828,362.85162353515625,110.84886932373047
2021-03-24,74.99269104003906,79.21857452392578,188.2979278564453,237.02333068847656,12.59653377532959,288.147216796875,302.3158874511719,241.03060913085938,361.00701904296875,109.7513427734375
2021-03-25,76.45384979248047,80.23516082763672,189.77078247070312,234.8333282470703,12.489180564880371,293.6798095703125,301.7923278808594,242.36766052246094,363.0379333496094,109.49658966064453
2021-03-26,79.2116470336914,82.37618255615234,193.8965606689453,243.5833282470703,12.792064666748047,296.8011169433594,306.31927490234375,250.51829528808594,368.88824462890625,116.63040161132812
2021-03-29,78.09882354736328,82.07030487060547,194.2071533203125,241.31666564941406,12.900660514831543,296.41796875,306.2320251464844,247.5603485107422,368.701904296875,111.60340881347656
2021-03-30,79.1245346069336,81.9893569946289,193.50619506835938,242.163330078125,12.824443817138672,296.55816650390625,304.6907653808594,245.10594177246094,367.7237854003906,113.6318359375
2021-03-31,80.30506896972656,81.16173553466797,192.60116577148438,246.31333923339844,13.299192428588867,294.78253173828125,309.3534240722656,243.09117126464844,369.2142639160156,119.23699188232422
2021-04-01,81.5823745727539,81.33265686035156,192.36160278320312,249.1999969482422,13.760987281799316,295.51153564453125,314.6267395019531,241.25955200195312,373.201416015625,126.22386169433594
2021-04-05,82.57902526855469,82.41217041015625,194.5531768798828,255.30999755859375,13.936092376708984,298.28704833984375,320.9082336425781,245.12425231933594,378.5580749511719,130.01611328125
2021-04-06,82.77257537841797,82.28622436523438,194.4822235107422,255.61666870117188,13.810554504394531,296.4086608886719,320.6852722167969,240.7833709716797,378.33447265625,129.72219848632812
2021-04-07,79.78253936767578,81.94436645507812,193.86997985839844,253.67333984375,14.091519355773926,296.10028076171875,321.4607849121094,239.27223205566406,378.77227783203125,129.13421630859375
2021-04-08,81.37916564941406,81.8994140625,195.07667541503906,256.7833251953125,14.264379501342773,297.61419677734375,324.81475830078125,239.06163024902344,380.57025146484375,131.2312469482422
2021-04-09,82.77257537841797,82.70903778076172,201.39410400390625,261.49334716796875,14.347074508666992,300.07208251953125,326.7825927734375,242.312744140625,383.3370666503906,130.38851928710938
2021-04-12,81.59205627441406,82.7719955444336,202.83143615722656,259.7533264160156,15.153099060058594,300.1561584472656,326.3560485839844,242.7706298828125,383.47686767578125,127.81128692626953
2021-04-13,81.41785430908203,81.53056335449219,203.1864013671875,264.8233337402344,15.62187385559082,294.9507751464844,330.1656188964844,239.8858642578125,384.6134033203125,126.41002655029297
2021-04-14,80.53729248046875,82.34919738769531,203.52357482910156,261.9433288574219,15.22085189819336,296.8759460449219,326.2009582519531,237.7428741455078,383.29974365234375,125.51829528808594
2021-04-15,83.18865966796875,82.51113891601562,203.93170166015625,268.239990234375,16.077938079833984,297.5019836425781,331.14471435546875,242.02882385253906,387.4173583984375,128.5560760498047
2021-04-16,82.9854507446289,82.94293212890625,205.94577026367188,270.8566589355469,15.854016304016113,300.09075927734375,331.532470703125,243.4666290283203,388.7123718261719,126.8803939819336
2021-04-19,82.91771697998047,82.57410430908203,204.93431091308594,270.39666748046875,15.305290222167969,296.7357177734375,328.4983215332031,244.61141967773438,386.80267333984375,123.7838363647461
2021-04-20,81.65977478027344,81.71048736572266,201.7046661376953,270.3699951171875,15.115490913391113,291.7266845703125,326.10406494140625,241.05812072753906,383.9705810546875,121.77500915527344
2021-04-21,82.85000610351562,82.86197662353516,204.51731872558594,297.1266784667969,15.304046630859375,296.810546875,328.89581298828125,245.27081298828125,387.6037292480469,127.33118438720703
2021-04-22,81.5146255493164,82.33120727539062,203.41702270507812,286.5533447265625,14.795668601989746,293.2311706542969,324.9311218261719,242.73399353027344,384.063720703125,123.7838363647461
2021-04-23,82.89836120605469,83.17684936523438,199.19361877441406,291.84332275390625,15.209147453308105,297.2963562011719,329.0218200683594,246.40640258789062,388.2279052734375,128.8892364501953
2021-04-26,84.91109466552734,82.87995147705078,196.54957580566406,288.64666748046875,15.421113014221191,298.2403564453125,331.1641540527344,244.90451049804688,389.0383605957031,130.75106811523438
2021-04-27,85.34651947021484,82.90697479248047,197.80062866210938,287.1266784667969,15.32521915435791,298.6234436035156,329.72943115234375,246.00341796875,388.9544677734375,128.4678497314453
2021-04-28,85.06588745117188,82.83499145507812,197.74737548828125,289.5966796875,15.220602989196777,298.06280517578125,328.61468505859375,243.8329620361328,388.8428039550781,129.74180603027344
2021-04-29,84.97879791259766,83.47370910644531,198.6613006591797,287.739990234375,15.268426895141602,293.3807678222656,329.7973327636719,245.22494506835938,391.32073974609375,128.18373107910156
2021-04-30,83.33380889892578,81.40461730957031,197.89822387695312,288.3333435058594,14.954334259033203,293.2685546875,327.63555908203125,242.010498046875,388.7496032714844,122.56873321533203
2021-05-03,80.24701690673828,81.80044555664062,198.04019165039062,289.1833190917969,14.782220840454102,290.9976501464844,325.8907775878906,239.18072509765625,389.5880126953125,122.48053741455078
2021-05-04,78.2149429321289,81.96236419677734,200.01878356933594,282.9966735839844,14.298503875732422,293.22186279296875,320.0260925292969,240.49029541015625,387.1846008300781,120.52069854736328
2021-05-05,77.29569244384766,81.76446533203125,200.6931610107422,279.4666748046875,14.405359268188477,295.0348815917969,318.9501037597656,244.08937072753906,387.3056640625,122.01998138427734
2021-05-06,76.33772277832031,84.31031799316406,202.88467407226562,280.82000732421875,14.469622611999512,296.3475646972656,321.3540954589844,245.8935546875,390.3984680175781,123.41146850585938
2021-05-07,75.07008361816406,85.50678253173828,203.00006103515625,285.6966552734375,14.757808685302734,299.3385009765625,323.9618225097656,247.8899688720703,393.2398376464844,125.59671020507812
2021-05-10,73.88956451416016,85.80366516113281,204.90768432617188,278.2633361816406,14.213318824768066,296.5818786621094,315.7802734375,248.009033203125,389.3458557128906,119.39379119873047
2021-05-11,72.40907287597656,85.69569396972656,203.328369140625,278.9166564941406,14.253669738769531,293.1784362792969,315.34405517578125,245.71951293945312,385.8709411621094,119.07042694091797
2021-05-12,70.94791412353516,83.97747039794922,195.2364044189453,270.5966796875,13.707932472229004,285.0962829589844,307.1820373535156,238.603759765625,377.673095703125,112.29914093017578
2021-05-13,70.80278015136719,85.66434478759766,199.3084716796875,273.5299987792969,13.615026473999023,296.4787292480469,309.5570068359375,243.3384246826172,382.2098388671875,114.88615417480469
2021-05-14,71.64462280273438,86.6864242553711,202.5874786376953,277.7933349609375,14.190651893615723,301.7574768066406,316.3908996582031,245.93148803710938,388.07891845703125,119.89354705810547
2021-05-17,71.71234893798828,86.39698028564453,201.79449462890625,272.336669921875,14.113438606262207,296.9757080078125,314.4717102050781,243.6143341064453,387.0913391113281,117.45352935791016
2021-05-18,71.07369232177734,85.22116088867188,198.09666442871094,271.5400085449219,13.964237213134766,291.6969909667969,312.3487548828125,240.35003662109375,383.7563171386719,116.38542938232422
2021-05-19,73.58959197998047,84.40711212158203,197.20556640625,272.32000732421875,14.014053344726562,285.94012451171875,312.7073974609375,237.61912536621094,382.7502136230469,119.95235443115234
2021-05-20,74.58705139160156,84.51565551757812,197.92733764648438,277.5533447265625,14.558796882629395,286.09014892578125,318.7562255859375,237.55471801757812,386.86773681640625,124.07782745361328
2021-05-21,74.5192642211914,84.70559692382812,198.88076782226562,274.9966735839844,14.936649322509766,286.7370910644531,316.9920654296875,239.25582885742188,386.55108642578125,122.37274932861328
2021-05-24,74.90662384033203,85.03119659423828,200.48460388183594,278.3066711425781,15.554620742797852,286.7839050292969,322.323486328125,241.26951599121094,390.49163818359375,125.12632751464844
2021-05-25,75.61357879638672,84.48851776123047,199.6292266845703,282.0033264160156,15.590241432189941,285.6213684082031,322.7694396972656,239.5592498779297,389.625244140625,126.04817199707031
2021-05-26,75.39083862304688,84.3980484008789,199.83419799804688,279.7933349609375,15.64229965209961,285.9214782714844,323.8938293457031,239.54087829589844,390.3984680175781,126.56796264648438
2021-05-27,75.72976684570312,86.3336410522461,206.0714874267578,278.1199951171875,15.431076049804688,288.8561096191406,322.68218994140625,241.91323852539062,390.6034851074219,128.0684051513672
2021-05-28,76.88217163085938,86.55076599121094,205.75071716308594,280.7266540527344,16.184797286987305,288.92169189453125,323.70001220703125,242.4924774169922,391.3021545410156,129.79444885253906
2021-06-01,76.65946960449219,87.82606506347656,207.5684356689453,278.67999267578125,16.20471954345703,293.7034606933594,322.6240234375,246.32681274414062,390.9574279785156,128.2547149658203
2021-06-02,76.48514556884766,88.16979217529297,205.5992431640625,273.8466796875,16.716585159301758,291.0969543457031,323.25408935546875,249.9405059814453,391.5722961425781,128.48031616210938
2021-06-03,75.4586410522461,88.18788146972656,204.2270050048828,272.2166748046875,16.907377243041992,289.95306396484375,319.8904724121094,252.349609375,390.1190185546875,125.84223175048828
2021-06-04,76.98870849609375,88.830078125,204.98443603515625,277.1499938964844,17.513641357421875,289.75616455078125,325.31890869140625,253.43463134765625,393.68701171875,129.1373748779297
2021-06-07,75.83629608154297,88.52254486083984,203.3270721435547,277.0400085449219,17.554241180419922,288.19976806640625,326.2882995605469,252.61627197265625,393.3050842285156,128.2743682861328
2021-06-08,76.94027709960938,89.1014404296875,204.77053833007812,277.8900146484375,17.392841339111328,291.5751647949219,326.443359375,253.25994873046875,393.3888244628906,124.33198547363281
2021-06-09,76.4560775756836,88.54967498779297,202.9884796142578,280.0799865722656,17.29841423034668,286.3432922363281,326.52081298828125,256.6804504394531,392.80194091796875,122.30195617675781
2021-06-10,77.18240356445312,88.269287109375,201.59841918945312,286.3800048828125,17.36493492126465,284.2431335449219,329.9233703613281,258.9976501464844,394.6278076171875,125.40093231201172
2021-06-11,77.42448425292969,87.76276397705078,200.64503479003906,288.0899963378906,17.763803482055664,283.1367492675781,330.7860412597656,261.27801513671875,395.280029296875,125.50881958007812
2021-06-14,77.60851287841797,88.07933044433594,198.85400390625,290.92999267578125,17.95663833618164,278.3830871582031,333.95587158203125,259.0252685546875,396.16497802734375,128.9412384033203
2021-06-15,77.18240356445312,89.1918716430664,198.25701904296875,290.78668212890625,17.727184295654297,277.42669677734375,331.77484130859375,261.14935302734375,395.4383544921875,127.7938461303711
2021-06-16,77.02745819091797,88.85719299316406,195.12948608398438,290.47332763671875,17.748855590820312,277.4830017089844,330.5631408691406,260.34014892578125,393.23046875,125.80300903320312
2021-06-17,76.5141830444336,85.04025268554688,192.7236328125,295.0033264160156,18.592937469482422,267.45068359375,334.7604064941406,249.17730712890625,393.10009765625,127.08771514892578
2021-06-18,75.21652221679688,83.4573745727539,189.34661865234375,292.9533386230469,18.574504852294922,263.45648193359375,332.13348388671875,249.83934020996094,387.7969970703125,122.44905090332031
2021-06-21,76.86283111572266,85.86334228515625,192.46527099609375,298.0,18.363733291625977,270.075927734375,334.19769287109375,257.75628662109375,393.3486328125,123.78279113769531
2021-06-22,77.10492706298828,85.7276611328125,192.01084899902344,300.6533203125,18.821645736694336,271.23858642578125,337.31298828125,262.22503662109375,395.4515380859375,123.52782440185547
2021-06-23,77.37608337402344,85.4743881225586,191.271240234375,301.8066711425781,18.991559982299805,276.8172607421875,337.4779357910156,262.795166015625,394.9749755859375,124.74386596679688
2021-06-24,79.42910766601562,86.24323272705078,193.97109985351562,301.5233459472656,19.139301300048828,280.2207336425781,339.5645446777344,262.5285949707031,397.3116149902344,128.08804321289062
2021-06-25,79.7099380493164,86.83114624023438,194.90670776367188,302.7833251953125,18.96540069580078,282.91168212890625,339.14715576171875,262.6481018066406,398.7228088378906,127.04853057861328
2021-06-28,80.17479705810547,85.95378112792969,193.16917419433594,304.13665771484375,19.916112899780273,284.8619689941406,343.2718200683594,260.4411926269531,399.52655029296875,130.18670654296875
2021-06-29,81.07543182373047,85.64625549316406,192.420654296875,306.90667724609375,19.957717895507812,283.764892578125,344.5139465332031,260.75384521484375,399.7415771484375,131.7165985107422
2021-06-30,81.39498138427734,87.04821014404297,195.4502410888672,306.5466613769531,19.933551788330078,287.9465637207031,343.9705810546875,262.99749755859375,400.0780944824219,131.37335205078125
2021-07-01,81.44341278076172,87.66326141357422,196.58189392089844,309.1533203125,20.1423282623291,287.8716735839844,344.1064147949219,262.33544921875,402.2930603027344,126.88178253173828
2021-07-02,81.92760467529297,88.13362121582031,197.20556640625,312.7200012207031,20.416383743286133,289.0342102050781,348.05633544921875,262.2710266113281,405.3680114746094,126.04817199707031
2021-07-06,82.11160278320312,86.55979919433594,194.74632263183594,316.0133361816406,20.627151489257812,284.95562744140625,349.560546875,261.14013671875,404.6296691894531,124.0279541015625
2021-07-07,83.03158569335938,87.7989501953125,196.6887664794922,318.2300109863281,20.301528930664062,289.0060729980469,350.2981262207031,268.4593505859375,406.0596618652344,121.05647277832031
2021-07-08,82.10191345214844,86.85824584960938,195.42352294921875,317.2900085449219,19.83414649963379,287.73101806640625,348.1824645996094,264.3583679199219,402.75115966796875,120.44844055175781
2021-07-09,83.84506225585938,88.28736877441406,199.8965606689453,316.9266662597656,19.98113250732422,292.12835693359375,350.3563537597656,267.7605895996094,407.0504150390625,123.27284240722656
2021-07-12,83.56421661376953,89.1918716430664,200.50245666503906,319.6833190917969,20.441795349121094,293.8348083496094,351.7247314453125,269.3328857421875,408.5084533691406,124.62619018554688
2021-07-13,82.31497955322266,88.45922088623047,199.66485595703125,318.75,20.18019676208496,290.4686584472656,351.7247314453125,267.9720153808594,407.1157531738281,124.34178161621094
2021-07-14,81.80169677734375,88.69438934326172,202.95281982421875,318.3599853515625,19.773107528686523,287.68408203125,352.3555603027344,268.38580322265625,407.7232971191406,123.83183288574219
2021-07-15,81.57899475097656,89.11045837402344,207.44366455078125,317.88665771484375,18.9008731842041,287.1308898925781,349.880859375,270.1695861816406,406.3307189941406,120.7524642944336
2021-07-16,80.00047302246094,87.9708023071289,205.23391723632812,316.7033386230469,18.098400115966797,281.2802734375,347.0470275878906,270.2615966796875,403.1435546875,117.57501220703125
2021-07-19,78.73184967041016,84.8503189086914,196.61749267578125,310.7300109863281,18.715017318725586,271.838623046875,344.20343017578125,266.8870544433594,397.19000244140625,117.74173736572266
2021-07-20,80.96887969970703,87.85322570800781,204.63687133789062,318.3500061035156,18.54784393310547,280.839599609375,348.2018737792969,272.1006774902344,402.8819274902344,121.38990020751953
2021-07-21,81.92760467529297,88.88434600830078,206.58827209472656,314.9800109863281,19.343093872070312,286.1370849609375,350.8901062011719,274.2799072265625,406.14385986328125,125.97954559326172
2021-07-22,81.74361419677734,88.13362121582031,207.3813018798828,324.6300048828125,19.526458740234375,284.0086364746094,353.2095947265625,273.5626525878906,406.9942321777344,124.27313232421875
2021-07-23,83.34149932861328,89.07427978515625,204.3339385986328,325.4866638183594,19.490581512451172,287.5434265136719,357.3341369628906,275.16259765625,411.1814880371094,126.31298065185547
2021-07-26,82.77980041503906,88.94766235351562,204.2716064453125,322.0333251953125,19.227495193481445,289.934326171875,357.6155700683594,273.8385009765625,412.1907653808594,124.96944427490234
2021-07-27,81.4918212890625,88.94766235351562,205.2606658935547,325.02667236328125,19.14179229736328,289.88739013671875,353.6753845214844,269.8662109375,410.3122253417969,121.07606506347656
2021-07-28,83.56421661376953,88.96573638916016,205.37644958496094,324.1666564941406,19.435771942138672,287.2059326171875,355.0340881347656,275.0981750488281,410.1440124511719,119.72273254394531
2021-07-29,85.61726379394531,90.44911193847656,207.5060272216797,327.163330078125,19.594228744506836,290.0374450683594,355.6649475097656,280.2749938964844,411.8450622558594,123.22379302978516
2021-07-30,87.55406951904297,91.25411224365234,208.31690979003906,330.4866638183594,19.431791305541992,292.5596618652344,353.8113098144531,282.67498779296875,409.8449401855469,124.54774475097656
2021-08-02,87.1376724243164,90.19585418701172,207.09613037109375,330.8500061035156,19.681922912597656,286.3995361328125,353.8404541015625,282.5737609863281,408.98504638671875,124.56734466552734
2021-08-03,86.52757263183594,91.49832153320312,207.30111694335938,333.2033386230469,19.7466983795166,290.1218566894531,355.9851989746094,286.02197265625,412.3123474121094,124.29275512695312
2021-08-04,87.34102630615234,90.6300048828125,204.5745086669922,330.2933349609375,20.204116821289062,284.4212341308594,356.4995422363281,286.81280517578125,410.2842102050781,125.43035888671875
2021-08-05,88.30946350097656,91.40786743164062,204.8329315185547,339.70001220703125,20.56586265563965,281.495849609375,358.76080322265625,288.4586486816406,412.8824157714844,124.13583374023438
2021-08-06,83.50614929199219,91.75157165527344,204.65472412109375,343.3399963378906,20.295795440673828,279.9020080566406,357.1885986328125,289.0286865234375,413.5647277832031,124.4202651977539
2021-08-09,83.6513900756836,91.49832153320312,203.36268615722656,344.0,20.22504234313965,278.6080627441406,357.8486022949219,288.7528991699219,413.228271484375,123.5082015991211
2021-08-10,82.49899291992188,93.22589874267578,206.6150360107422,331.8733215332031,19.86728286743164,280.0145568847656,356.0142822265625,292.7803039550781,413.74237060546875,120.1150131225586
2021-08-11,81.0173110961914,94.32032775878906,208.66441345214844,331.8833312988281,19.631093978881836,277.5298767089844,355.40289306640625,290.9505310058594,414.7704162597656,119.03623962402344
2021-08-12,79.29352569580078,94.62479400634766,207.49246215820312,333.3333435058594,19.83639144897461,276.2453308105469,356.6839904785156,291.6585388183594,416.0134582519531,116.35894012451172
2021-08-13,79.49689483642578,94.28851318359375,207.33140563964844,334.3466796875,20.118412017822266,274.717041015625,357.9359130859375,292.0368347167969,416.7705383300781,116.45703887939453
2021-08-16,80.145751953125,94.1976318359375,209.10276794433594,339.413330078125,19.88123321533203,280.3426818847656,358.0911865234375,294.70318603515625,417.75189208984375,116.18241882324219
2021-08-17,79.5937271118164,93.35234069824219,207.05410766601562,345.0,19.39093017578125,277.8486633300781,354.9371337890625,289.0106201171875,415.01348876953125,113.84839630126953
2021-08-18,81.3078384399414,92.3707504272461,204.343505859375,346.4599914550781,18.974369049072266,274.7732849121094,351.52099609375,288.4017028808594,410.4711608886719,111.80856323242188
2021-08-19,80.97833251953125,92.00718688964844,203.7262420654297,351.8800048828125,19.72975730895996,269.40081787109375,353.21929931640625,290.0716552734375,411.1067199707031,112.00469207763672
2021-08-20,82.35445404052734,92.43437957763672,203.69937133789062,347.94000244140625,20.744245529174805,269.8883972167969,356.8780212402344,290.6713562011719,414.37786865234375,111.36725616455078
2021-08-23,83.72089385986328,93.25237274169922,204.9607696533203,348.67333984375,21.882308959960938,276.1797180175781,362.2156982421875,290.2377624511719,418.02294921875,114.39757537841797
2021-08-24,84.51556396484375,93.99766540527344,206.15060424804688,348.89666748046875,21.71788215637207,280.3145446777344,363.3221130371094,291.9630126953125,418.6865539550781,114.5447006225586
2021-08-25,85.00980377197266,94.70659637451172,206.34738159179688,347.9866638183594,22.136432647705078,284.5712890625,363.7394104003906,294.65704345703125,419.5650939941406,115.78034973144531
2021-08-26,84.70938873291016,94.65209197998047,206.54420471191406,347.4166564941406,21.991933822631836,286.0107421875,361.4296875,295.0445251464844,417.0884094238281,114.89774322509766
2021-08-27,86.41500091552734,95.22467041015625,206.77679443359375,345.50665283203125,22.557973861694336,286.49981689453125,364.94281005859375,296.7698669433594,420.8175354003906,120.2326889038086
2021-08-30,86.87047576904297,95.67912292480469,207.42982482910156,352.9700012207031,22.609792709350586,283.6962890625,369.03826904296875,299.6668701171875,422.6680908203125,120.83090209960938
2021-08-31,85.88200378417969,95.88816833496094,207.4656219482422,351.1866760253906,22.31177520751953,279.1051940917969,368.73736572265625,300.26654052734375,422.04193115234375,119.19183349609375
2021-09-01,84.83536529541016,94.57027435302734,205.57806396484375,354.2366638183594,22.367589950561523,276.5556640625,369.34881591796875,298.024658203125,422.2661437988281,117.45459747314453
2021-09-02,85.65910339355469,96.06995391845703,206.6247100830078,357.1766662597656,22.322738647460938,277.4212951660156,369.17413330078125,301.8258972167969,423.5653076171875,118.63237762451172
2021-09-03,85.72693634033203,95.77910614013672,204.28981018066406,357.25665283203125,22.768274307250977,272.7453918457031,370.3096618652344,298.9288024902344,423.4624938964844,119.62368774414062
2021-09-07,85.06793975830078,94.22489929199219,199.43218994140625,359.38665771484375,22.587867736816406,272.73602294921875,370.8336181640625,293.81744384765625,421.9483947753906,117.9355239868164
2021-09-08,83.78872680664062,93.70682525634766,200.74722290039062,360.85333251953125,22.26592445373535,270.7226867675781,369.5429382324219,294.08502197265625,421.434326171875,116.63016510009766
2021-09-09,84.48648834228516,90.96198272705078,199.43218994140625,356.6700134277344,22.104454040527344,270.9673156738281,368.2716064453125,290.65283203125,419.6304931640625,116.96385192871094
2021-09-10,84.67060852050781,90.97106170654297,198.93121337890625,341.15667724609375,22.40447235107422,267.232421875,365.4765319824219,289.7856140136719,416.3218994140625,118.73052978515625
2021-09-13,85.15516662597656,90.12578582763672,200.03158569335938,342.6066589355469,22.07953643798828,272.3785400390625,365.2242736816406,291.3541259765625,417.38739013671875,120.0555419921875
2021-09-14,85.32962036132812,88.75335693359375,196.98097229003906,346.336669921875,22.169246673583984,268.7941589355469,364.1858825683594,289.0658874511719,415.135009765625,120.0555419921875
2021-09-15,87.20967864990234,90.28030395507812,198.32290649414062,348.50665283203125,22.267919540405273,273.0088806152344,366.8934326171875,293.088623046875,418.6024169921875,119.96720886230469
2021-09-16,88.14000701904297,89.78042602539062,196.49789428710938,344.6700134277344,22.169246673583984,272.39739990234375,367.1458435058594,292.479736328125,417.9388122558594,120.86035919189453
2021-09-17,86.09520721435547,87.67178344726562,195.4601593017578,345.75665283203125,21.8283634185791,270.60052490234375,362.7980041503906,287.44219970703125,413.8677062988281,119.10350036621094
2021-09-20,82.44168853759766,86.04485321044922,192.99110412597656,337.9966735839844,21.043933868408203,267.8815612792969,355.3013916015625,279.0648193359375,406.9667663574219,114.32366943359375
2021-09-21,82.45137023925781,85.17232513427734,192.2485809326172,338.0133361816406,21.17650032043457,262.9235534667969,355.7386169433594,276.9427490234375,406.58233642578125,113.83291625976562
2021-09-22,84.55432891845703,86.79924011230469,194.14511108398438,342.8233337402344,21.869226455688477,268.50250244140625,359.06134033203125,278.5758361816406,410.5484924316406,116.11976623535156
2021-09-23,86.21148681640625,88.12623596191406,196.54261779785156,348.2799987792969,22.408458709716797,273.86505126953125,362.37445068359375,280.6147766113281,415.5365905761719,117.52330017089844
2021-09-24,85.54278564453125,87.53543090820312,196.08641052246094,347.77667236328125,22.008764266967773,270.7980041503906,362.7143859863281,279.15704345703125,416.22113037109375,117.12090301513672
2021-09-27,82.89716339111328,87.91719818115234,194.93235778808594,337.9166564941406,21.58914566040039,273.79913330078125,359.8192443847656,279.39691162109375,415.03033447265625,115.3640365600586
2021-09-28,78.01286315917969,86.95376586914062,192.3111572265625,330.8299865722656,20.631288528442383,269.029296875,349.63720703125,273.77813720703125,406.666748046875,109.40641021728516
2021-09-29,77.2957534790039,86.92647552490234,192.26651000976562,330.7833251953125,20.449886322021484,271.50360107421875,349.0639953613281,274.8114318847656,407.3511962890625,107.14898681640625
2021-09-30,77.74151611328125,85.61767578125,189.9047393798828,331.3833312988281,20.648235321044922,263.064697265625,347.7815246582031,271.2872009277344,402.3724060058594,107.14898681640625
2021-10-01,78.826904296875,86.490234375,192.91952514648438,336.5,20.674144744873047,274.420166015625,349.9383850097656,272.04364013671875,407.1542663574219,107.44342803955078
2021-10-04,77.73182678222656,85.10868835449219,191.6313018798828,323.5,19.667457580566406,271.84234619140625,342.59332275390625,270.0969543457031,401.9035949707031,105.28413391113281
2021-10-05,78.30360412597656,86.78107452392578,192.98211669921875,330.07000732421875,20.38410186767578,274.6553039550781,347.218017578125,275.24505615234375,406.0853576660156,107.45325469970703
2021-10-06,78.30360412597656,86.92647552490234,194.0019989013672,334.94000244140625,20.632286071777344,276.1982116699219,349.4429016113281,275.1343994140625,407.7731018066406,106.98213958740234
2021-10-07,78.4489517211914,88.47161102294922,195.3528289794922,338.3399963378906,21.00606346130371,272.6044006347656,352.6490478515625,281.2514343261719,411.2986145019531,109.36714935302734
2021-10-08,77.80937194824219,87.83538055419922,194.7534637451172,328.5400085449219,20.762855529785156,273.7239074707031,350.8904724121094,278.012939453125,410.5484924316406,107.5317611694336
2021-10-11,76.99529266357422,85.59949493408203,192.59747314453125,324.17999267578125,20.627300262451172,270.4122619628906,348.19927978515625,275.57733154296875,407.57623291015625,106.02027130126953
2021-10-12,77.74151611328125,83.90896606445312,191.7386474609375,324.45001220703125,20.603378295898438,267.85333251953125,346.9848327636719,274.90374755859375,406.57293701171875,105.36266326904297
2021-10-13,77.78997039794922,83.49996948242188,192.85690307617188,326.0,20.87050437927246,268.8976745605469,349.763427734375,276.6660461425781,408.0356750488281,106.46195983886719
2021-10-14,80.33873748779297,86.11759185791016,195.54962158203125,330.95001220703125,21.674861907958984,277.0636901855469,356.2049560546875,286.1781921386719,414.8990173339844,110.63326263427734
2021-10-15,81.80207061767578,87.00829315185547,197.45513916015625,331.5,21.790483474731445,280.3094482421875,358.4493103027344,289.88714599609375,418.05877685546875,111.8110580444336
2021-10-18,83.35264587402344,87.04463958740234,197.37464904785156,332.29998779296875,22.149303436279297,278.2679443359375,362.05377197265625,290.6159973144531,419.2965087890625,113.63660430908203
2021-10-19,83.57552337646484,87.63543701171875,198.4033660888672,336.29998779296875,22.217086791992188,278.7007141113281,364.7936706542969,291.67694091796875,422.5313720703125,114.5592041015625
2021-10-20,82.16063690185547,88.4079818725586,200.06729125976562,339.79998779296875,22.03070068359375,282.5579833984375,364.3175354003906,294.6846923828125,424.1908874511719,114.78495025634766
2021-10-21,83.19757843017578,87.84446716308594,200.8546142578125,339.6300048828125,22.617761611938477,281.48541259765625,366.54248046875,293.1163330078125,425.2972717285156,115.3640365600586
2021-10-22,82.29630279541016,87.83538055419922,194.48504638671875,341.5199890136719,22.651655197143555,281.532470703125,363.4625549316406,291.8246154785156,424.8565979003906,113.97030639648438
2021-10-25,83.46892547607422,87.75358581542969,194.61032104492188,343.5899963378906,23.090221405029297,285.90716552734375,367.18365478515625,291.2525939941406,427.1350402832031,115.10884094238281
2021-10-26,84.13761138916016,88.25345611572266,195.30810546875,348.70001220703125,24.636140823364258,286.1894226074219,368.3397216796875,291.1510925292969,427.5194396972656,113.01826477050781
2021-10-27,82.45137023925781,87.39002227783203,192.98211669921875,348.9800109863281,24.37101173400879,280.337646484375,369.1948547363281,289.43499755859375,425.6254577636719,120.7916488647461
2021-10-28,84.10852813720703,88.6261215209961,195.4512176513672,355.6099853515625,24.859413146972656,283.818603515625,373.2947692871094,294.04815673828125,429.73236083984375,134.4735870361328
2021-10-29,84.88382720947266,88.17167663574219,195.5764617919922,361.1300048828125,25.483367919921875,279.02996826171875,375.1309814453125,294.6846923828125,430.60430908203125,135.68084716796875
2021-11-01,85.67849731445312,88.98058319091797,196.5963134765625,355.0299987792969,25.742511749267578,283.00958251953125,376.4135437011719,295.1368408203125,431.3450012207031,137.0254364013672
2021-11-02,88.89591979980469,91.02558135986328,197.8755645751953,360.3699951171875,26.31463050842285,284.0538024902344,377.9874267578125,316.8368225097656,433.0890197753906,136.770263671875
2021-11-03,87.79112243652344,86.59019470214844,199.3158721923828,361.489990234375,26.5109920501709,286.07647705078125,382.0,313.0448913574219,435.73309326171875,137.7223358154297
2021-11-04,88.4404296875,88.30801391601562,199.03860473632812,363.32000732421875,29.703516006469727,306.3600769042969,386.896728515625,315.4344787597656,437.7864990234375,141.91323852539062
2021-11-05,76.52044677734375,89.00784301757812,202.23226928710938,364.95001220703125,29.65467643737793,306.4635925292969,387.2659606933594,312.77728271484375,439.305419921875,141.5501251220703
2021-11-08,79.31147003173828,88.8442611694336,201.93702697753906,365.4200134277344,30.703231811523438,309.9632873535156,386.7411804199219,309.5205078125,439.6805114746094,141.2261962890625
2021-11-09,80.62943267822266,88.61703491210938,203.744140625,364.1499938964844,30.556713104248047,310.0574035644531,384.07916259765625,309.6680908203125,438.2272033691406,142.72787475585938
2021-11-10,78.0710220336914,88.65814971923828,202.522216796875,359.489990234375,29.362628936767578,308.4057922363281,378.4344482421875,307.6751708984375,434.70166015625,139.38099670410156
2021-11-11,77.78997039794922,88.89571380615234,198.56898498535156,350.7900085449219,30.290586471557617,308.5096130371094,379.4837341308594,304.1508483886719,434.84228515625,140.55882263183594
2021-11-12,80.45501708984375,89.01451873779297,199.80885314941406,354.92999267578125,30.290586471557617,315.2101745605469,383.476806640625,309.6499328613281,438.1239929199219,143.483642578125
2021-11-15,80.59068298339844,88.0642318725586,199.88072204589844,353.55999755859375,29.926782608032227,309.859130859375,383.38934326171875,310.1867980957031,438.2740478515625,145.42698669433594
2021-11-16,79.56343078613281,87.90889739990234,198.89244079589844,361.1199951171875,30.104196548461914,313.7757263183594,386.1194763183594,315.2878112792969,440.0085754394531,148.44017028808594
2021-11-17,78.90442657470703,86.17283630371094,198.101806640625,361.4200134277344,29.1652774810791,310.79351806640625,386.323486328125,316.5653381347656,438.93975830078125,148.80332946777344
2021-11-18,76.9404525756836,86.41038513183594,198.2904510498047,359.20001220703125,31.571378707885742,313.6058349609375,390.32635498046875,319.17596435546875,440.4305725097656,148.05735778808594
2021-11-19,77.56116485595703,85.28651428222656,196.30487060546875,348.6499938964844,32.87710189819336,311.19927978515625,392.502685546875,322.3236389160156,439.64300537109375,148.4696044921875
2021-11-22,75.64082336425781,86.29163360595703,195.9904022216797,340.7200012207031,31.851459503173828,308.2170104980469,387.9460144042969,321.4719543457031,438.4053039550781,146.6145782470703
2021-11-23,76.18394470214844,86.31900787353516,194.0677032470703,335.8999938964844,31.642154693603516,310.5103759765625,386.1778259277344,320.2776794433594,438.9866638183594,146.4377899169922
2021-11-24,76.20333862304688,86.09973907470703,190.66253662109375,339.4200134277344,32.56711959838867,306.7542419433594,387.4214782714844,319.3333435058594,440.15869140625,148.1368865966797
2021-11-26,73.89503479003906,82.51795196533203,187.06871032714844,329.2300109863281,31.399948120117188,292.22064208984375,380.07635498046875,314.0194396972656,430.3417053222656,143.7369384765625
2021-11-29,76.2906265258789,83.02051544189453,186.5745391845703,334.739990234375,33.26681900024414,291.7487487792969,388.324951171875,315.29705810546875,435.62060546875,151.69227600097656
2021-11-30,74.92308807373047,80.26107025146484,181.70486450195312,324.3399963378906,32.569114685058594,285.0670166015625,382.6218566894531,311.2422180175781,427.14447021484375,150.14048767089844
2021-12-01,72.68267822265625,79.30165100097656,179.1711883544922,319.92999267578125,31.336000442504883,276.6111145019531,376.1123352050781,307.36322021484375,422.4000549316406,149.6297607421875
2021-12-02,73.69136047363281,82.5819091796875,183.2861328125,327.32000732421875,32.02482604980469,287.7756042480469,378.822998046875,318.1483459472656,428.86968994140625,148.24496459960938
2021-12-03,72.95426177978516,82.49055480957031,182.8369140625,321.6300048828125,30.59634017944336,288.21917724609375,372.2358703613281,319.82403564453125,425.1379089355469,147.87173461914062
2021-12-06,73.3615951538086,83.0936050415039,185.30770874023438,323.7699890136719,29.94240951538086,294.12701416015625,375.21856689453125,319.3148498535156,430.1730651855469,149.88511657714844
2021-12-07,75.19466400146484,84.27228546142578,186.11634826660156,340.489990234375,32.32488250732422,296.7695007324219,386.517822265625,324.7212829589844,439.0710144042969,156.26907348632812
2021-12-08,75.19466400146484,84.50072479248047,183.8701629638672,340.79998779296875,31.72577476501465,298.43994140625,388.2471923828125,322.5828857421875,440.2336730957031,157.54586791992188
2021-12-09,73.47796630859375,84.05300903320312,185.0830841064453,340.3399963378906,30.393983840942383,300.41241455078125,382.5344543457031,320.8423767089844,437.2613830566406,153.77442932128906
2021-12-10,73.96292877197266,84.6012191772461,188.5062255859375,344.9599914550781,30.10289764404297,300.988037109375,386.69268798828125,324.6103210449219,441.3775634765625,156.90740966796875
2021-12-13,74.55453491210938,84.3636703491211,187.98513793945312,340.3599853515625,28.07231330871582,296.4296875,381.10626220703125,324.9620056152344,437.4676818847656,152.58602905273438
2021-12-14,73.119140625,83.46823120117188,185.69403076171875,328.239990234375,28.247760772705078,293.881591796875,377.16168212890625,317.1855773925781,434.4578552246094,153.1556854248047
2021-12-15,75.52442169189453,84.72916412353516,188.46127319335938,331.6600036621094,30.363075256347656,297.3829040527344,385.75994873046875,325.26751708984375,441.2463073730469,159.06820678710938
2021-12-16,73.55554962158203,85.7890625,188.32652282714844,334.5299987792969,28.297605514526367,295.52374267578125,375.84033203125,322.9716796875,437.355224609375,155.47352600097656
2021-12-17,73.62347412109375,82.86518096923828,184.3373565673828,337.3999938964844,27.713449478149414,285.5860900878906,373.9651794433594,316.389404296875,432.7004699707031,153.46994018554688
2021-12-20,72.79906463623047,81.74129486083984,179.5575408935547,332.1099853515625,27.6317081451416,279.7065124511719,370.3375244140625,311.6032409667969,428.0993957519531,152.9298095703125
2021-12-21,74.46724700927734,83.17583465576172,181.1927490234375,348.0899963378906,28.98343276977539,288.153076171875,378.62591552734375,314.4916076660156,435.7020263671875,157.49673461914062
2021-12-22,74.86492156982422,82.11592102050781,181.3455047607422,362.2099914550781,29.30741310119629,289.2383728027344,383.237060546875,313.31597900390625,440.05841064453125,158.027099609375
2021-12-23,75.2819595336914,83.40425872802734,184.3822784423828,363.94000244140625,29.54665756225586,294.343994140625,386.12628173828125,314.8711853027344,442.7965087890625,159.83428955078125
2021-12-27,76.96954345703125,84.21746063232422,185.46939086914062,364.5799865722656,30.847545623779297,298.7230529785156,392.5078125,322.45318603515625,449.06304931640625,165.5503387451172
2021-12-28,76.22273254394531,84.87535095214844,186.02647399902344,364.5400085449219,30.226511001586914,299.5628662109375,390.68865966796875,322.48101806640625,448.69610595703125,161.6708526611328
2021-12-29,76.31002044677734,84.93016815185547,186.45773315429688,365.2699890136719,29.906518936157227,300.67657470703125,390.6302795410156,323.14752197265625,449.27001953125,163.79229736328125
2021-12-30,75.54381561279297,84.6651840209961,186.08038330078125,363.29998779296875,29.492830276489258,297.2790832519531,389.4630432128906,321.0923156738281,448.0280456542969,160.79676818847656
2021-12-31,75.4177474975586,84.94844818115234,187.33822631835938,359.29998779296875,29.318376541137695,300.2235412597656,387.0310363769531,322.95306396484375,446.89892578125,160.610107421875
2022-01-03,74.61273956298828,83.84284973144531,185.80184936523438,360.0,30.026147842407227,298.22283935546875,390.7568054199219,314.4453125,449.48651123046875,163.14410400390625
2022-01-04,73.25492858886719,87.56167602539062,187.7785186767578,354.6300048828125,29.197763442993164,305.8105163574219,385.6884460449219,317.62994384765625,449.3358459472656,163.40924072265625
2022-01-05,70.82050323486328,87.43378448486328,189.6292724609375,341.95001220703125,27.517066955566406,300.45947265625,373.8397521972656,312.3160400390625,440.7076721191406,157.3887176513672
2022-01-06,70.65562438964844,87.92718505859375,189.41363525390625,334.17999267578125,28.089262008666992,305.89544677734375,373.5769958496094,310.2330627441406,440.2936706542969,160.56105041503906
2022-01-07,69.32688903808594,87.43378448486328,193.8430938720703,324.2900085449219,27.161195755004883,305.52734375,369.5301208496094,303.5397644042969,438.552978515625,155.44407653808594
2022-01-10,69.74394989013672,87.07740783691406,191.78562927246094,325.5299987792969,27.313709259033203,299.59124755859375,369.7733154296875,305.6413269042969,438.0072326660156,153.81369018554688
2022-01-11,72.17835235595703,88.0642318725586,194.34622192382812,328.0199890136719,27.729398727416992,303.2907409667969,375.328125,310.1312561035156,441.9967346191406,157.67352294921875
2022-01-12,71.48973083496094,88.55763244628906,196.08924865722656,323.1600036621094,27.91082763671875,306.8202819824219,376.81646728515625,310.22381591796875,443.1916809082031,159.9913787841797
2022-01-13,69.22022247314453,88.8865737915039,197.14942932128906,313.2099914550781,26.491310119628906,309.349609375,367.3900146484375,305.51165771484375,437.0851745605469,155.42440795898438
2022-01-14,68.53160858154297,89.0601806640625,195.5501251220703,307.739990234375,26.85715675354004,308.53790283203125,369.6761169433594,300.919921875,437.263916015625,161.631591796875
2022-01-18,66.90221405029297,88.05509948730469,191.90240478515625,295.489990234375,25.821422576904297,309.4439392089844,360.47332763671875,293.93035888671875,429.5201110839844,152.78245544433594
2022-01-19,66.776123046875,86.7302017211914,189.33282470703125,293.4599914550781,24.98805809020996,304.9139099121094,356.51409912109375,292.1991882324219,425.06024169921875,145.67169189453125
2022-01-20,64.66177368164062,85.56978607177734,187.7066192626953,292.7300109863281,24.073942184448242,296.5523986816406,351.8833923339844,290.458740234375,420.3556213378906,142.8824462890625
2022-01-21,64.0992431640625,85.15859985351562,184.2744903564453,269.5299987792969,23.30039405822754,295.8446350097656,342.1262512207031,290.92169189453125,412.1037292480469,140.82974243164062
2022-01-24,65.67047119140625,85.01241302490234,183.6904296875,271.9800109863281,23.298398971557617,296.49578857421875,343.6923828125,288.6351013183594,413.8538818359375,144.80746459960938
2022-01-25,63.6240119934082,83.3403091430664,181.7587432861328,264.1400146484375,22.253692626953125,294.25909423828125,335.7251281738281,279.2384948730469,408.8011169433594,135.82081604003906
2022-01-26,61.65515899658203,82.7646484375,180.2763214111328,264.4599914550781,22.700284957885742,296.2314758300781,335.1998291015625,275.91497802734375,407.7755432128906,140.8101043701172
2022-01-27,60.73377990722656,82.81034851074219,180.2763214111328,262.7699890136719,21.874895095825195,291.3146667480469,331.8241882324219,265.6760559082031,405.761962890625,109.25379180908203
2022-01-28,61.92673110961914,82.8834457397461,181.48025512695312,271.7900085449219,22.7680721282959,291.2013854980469,342.2331848144531,263.4726867675781,415.8392333984375,110.11810302734375
2022-01-31,64.45811462402344,84.0164566040039,183.7174072265625,284.17999267578125,24.408885955810547,292.5697326660156,353.17730712890625,267.7497863769531,423.3288879394531,115.3332748413086
2022-02-01,64.4193115234375,84.50072479248047,184.4900665283203,286.510009765625,24.56041145324707,299.36474609375,355.5801086425781,268.5644836425781,426.1893005371094,114.7930908203125
2022-02-02,64.011962890625,89.14241790771484,186.47569274902344,292.94000244140625,25.162511825561523,301.72406005859375,358.4693908691406,272.4989318847656,430.329345703125,115.12702178955078
2022-02-03,62.528053283691406,88.25611114501953,172.27101135253906,285.6000061035156,23.872583389282227,294.0325622558594,343.93560791015625,263.583740234375,420.2144470214844,109.86272430419922
2022-02-04,63.21666717529297,87.15050506591797,172.055419921875,285.7300109863281,24.242414474487305,285.92584228515625,348.2743835449219,259.84368896484375,422.1904296875,111.9743423461914
2022-02-07,62.81901931762695,87.4703140258789,172.93585205078125,284.8900146484375,24.650121688842773,286.6807556152344,345.47265625,259.464111328125,420.8354797363281,112.1904067993164
2022-02-08,63.43975067138672,88.74038696289062,174.80465698242188,283.3900146484375,25.0289306640625,287.5869140625,349.35418701171875,260.1676940917969,424.298095703125,114.31184387207031
2022-02-09,65.15642547607422,89.92820739746094,176.65550231933594,292.17999267578125,26.620899200439453,296.5711975097656,356.7572021484375,265.1668395996094,430.5081481933594,119.20291137695312
2022-02-10,63.109981536865234,88.9775390625,172.27999877929688,292.489990234375,25.742671966552734,288.23907470703125,348.6828918457031,256.7424011230469,422.7737731933594,115.23506164550781
2022-02-11,61.53878402709961,87.0210952758789,168.00335693359375,283.1600036621094,23.873577117919922,284.5557861328125,337.6221008300781,249.42710876464844,414.4372253417969,111.07075500488281
2022-02-14,61.34479522705078,86.3138198852539,167.73379516601562,281.1400146484375,24.190576553344727,285.1333312988281,338.0404357910156,249.45492553710938,413.0823059082031,110.30469512939453
2022-02-15,63.080875396728516,87.14967346191406,170.28543090820312,289.30999755859375,26.411563873291016,290.0569763183594,346.44549560546875,253.10800170898438,419.7440185546875,115.99131774902344
2022-02-16,62.1885986328125,88.05903625488281,169.8631591796875,291.1400146484375,26.427507400512695,293.7402648925781,346.35797119140625,253.76792907714844,420.2144470214844,116.98326110839844
2022-02-17,59.792999267578125,85.59737396240234,165.84703063964844,284.0799865722656,24.429824829101562,286.9134521484375,336.0558776855469,247.67958068847656,411.23809814453125,114.03411102294922
2022-02-18,63.740413665771484,85.21157836914062,163.63677978515625,280.7799987792969,23.567548751831055,284.0823669433594,332.2231140136719,245.94139099121094,408.5753173828125,112.88392639160156
2022-02-22,62.489253997802734,85.18402862548828,164.0231475830078,284.0,23.316335678100586,279.61328125,328.8863220214844,245.32791137695312,404.19061279296875,111.8812484741211
2022-02-23,61.5872688293457,83.50313568115234,160.78868103027344,276.5,22.31649398803711,274.5097961425781,320.46185302734375,239.0722198486328,397.0207824707031,109.6300277709961
2022-02-24,64.25444030761719,82.66727447509766,164.72750854492188,288.3800048828125,23.673213958740234,273.81854248046875,331.2308044433594,247.3077392578125,402.9956970214844,115.40057373046875
2022-02-25,64.69087982177734,85.25751495361328,170.34674072265625,293.510009765625,24.08092498779297,282.1508483886719,336.3671875,250.3008270263672,411.8872985839844,118.00564575195312
2022-02-28,65.52497863769531,85.349365234375,171.42178344726562,290.3299865722656,24.308202743530273,280.6358642578125,337.3691711425781,247.79112243652344,410.8335266113281,115.92156982421875
2022-03-01,64.43871307373047,82.21719360351562,165.86582946777344,291.54998779296875,23.40306854248047,272.33203125,332.20355224609375,243.64547729492188,404.5764465332031,112.61852264404297
2022-03-02,65.8741455078125,85.63412475585938,168.4315185546875,299.010009765625,24.147842407226562,281.5069274902344,337.7777404785156,249.79888916015625,412.01910400390625,115.31208038330078
2022-03-03,64.72370910644531,85.62492370605469,169.4072265625,299.82000732421875,23.643346786499023,279.2913513183594,332.95263671875,251.397705078125,409.96783447265625,112.23513793945312
2022-03-04,65.64600372314453,84.1185531616211,169.3258819580078,302.2799987792969,22.867666244506836,268.76239013671875,328.1275329589844,250.0963897705078,406.6370544433594,109.85614013671875
2022-03-07,64.44220733642578,84.17365264892578,164.56492614746094,292.69000244140625,21.28838539123535,257.4665222167969,316.02581787109375,245.8949432373047,394.6496887207031,104.6164779663086
2022-03-08,62.83066177368164,86.0658187866211,165.5406036376953,269.32000732421875,21.44990348815918,257.1824645996094,314.5569152832031,254.18621826171875,391.6575927734375,105.7273178100586
2022-03-09,64.5392837524414,86.6996078491211,167.49192810058594,278.82000732421875,22.945430755615234,263.2990417480469,325.8803405761719,251.93682861328125,402.158203125,109.85614013671875
2022-03-10,64.10240173339844,87.0210952758789,166.5524139404297,275.7200012207031,22.590496063232422,260.97930908203125,322.26153564453125,244.045166015625,400.34222412109375,108.09648895263672
2022-03-11,63.9956169128418,85.4228515625,164.63723754882812,273.69000244140625,22.034162521362305,256.5765075683594,315.57830810546875,238.89564514160156,395.2518310546875,105.06866455078125
2022-03-14,62.685028076171875,84.79825592041016,165.5044708251953,263.79998779296875,21.266450881958008,259.40753173828125,309.5177001953125,238.28219604492188,392.36328125,103.78087615966797
2022-03-15,64.79168701171875,85.10137176513672,169.65113830566406,270.0,22.904556274414062,264.3027038574219,319.2263488769531,242.6230010986328,400.991455078125,108.63716125488281
2022-03-16,66.2187728881836,86.12092590332031,172.5782012939453,277.8500061035156,24.423023223876953,270.7129211425781,331.0654296875,249.55718994140625,409.8832092285156,114.77140045166016
2022-03-17,68.38368225097656,87.7099838256836,173.39122009277344,282.95001220703125,24.692214965820312,273.5060729980469,335.0733642578125,251.89962768554688,415.0111389160156,118.55615997314453
2022-03-18,69.558349609375,89.09696197509766,175.91172790527344,290.1099853515625,26.37418556213379,274.9548034667969,341.93157958984375,256.3891906738281,419.55670166015625,120.86634063720703
2022-03-21,69.02442169189453,90.19917297363281,174.3759765625,283.2799987792969,26.654348373413086,273.193603515625,340.9809875488281,253.675048828125,419.4339904785156,118.8904037475586
2022-03-22,70.55828094482422,90.0338363647461,176.1918182373047,286.44000244140625,26.444974899291992,274.7938232421875,347.6821594238281,254.82762145996094,424.3419494628906,118.94940185546875
2022-03-23,70.38352966308594,89.36332702636719,173.7616424560547,275.20001220703125,25.55763053894043,271.498779296875,342.685546875,251.3790283203125,418.8771667480469,114.53546905517578
2022-03-24,71.9659423828125,89.80422973632812,175.88467407226562,281.0799865722656,28.066133499145508,273.7712097167969,350.3022766113281,255.6177520751953,425.19146728515625,120.6107406616211
2022-03-25,72.6260986328125,90.48395538330078,178.68521118164062,286.8699951171875,27.6094970703125,274.99267578125,350.01007080078125,259.5030212402344,427.2679138183594,121.93785858154297
2022-03-28,74.04348754882812,90.2175521850586,178.0708465576172,294.95001220703125,28.134925842285156,271.4419250488281,355.42559814453125,260.4883728027344,430.30706787109375,120.87617492675781
2022-03-29,77.62576293945312,90.9891128540039,178.4593505859375,302.0,28.57062339782715,281.9520263671875,361.5423889160156,264.8106384277344,435.63031005859375,123.24533081054688
2022-03-30,75.8006362915039,90.9156265258789,177.5559844970703,304.44000244140625,27.607500076293945,276.1478271484375,357.5489196777344,260.9345397949219,432.94036865234375,118.97887420654297
2022-03-31,74.8978042602539,90.06141662597656,175.78524780273438,301.67999267578125,27.204702377319336,268.67718505859375,353.11712646484375,260.2931213378906,426.27685546875,116.22632598876953
2022-04-01,75.7812271118164,90.4012451171875,177.09521484375,305.5400085449219,26.632415771484375,267.2001647949219,352.4451599121094,264.4295654296875,427.4850769042969,114.39784240722656
2022-04-04,76.50931549072266,90.29102325439453,177.1313018798828,302.25,27.278486251831055,269.0369873046875,359.7015075683594,261.3528137207031,431.1471252441406,116.9242935180664
2022-04-05,75.52881622314453,88.69280242919922,174.927001953125,295.9200134277344,25.853740692138672,259.8430480957031,351.71466064453125,259.4286804199219,425.7010803222656,110.01343536376953
2022-04-06,73.66485595703125,88.3437728881836,174.91799926757812,288.6700134277344,24.334280014038086,258.896240234375,344.07830810546875,253.04293823242188,421.4444580078125,109.31546020507812
2022-04-07,73.80078125,88.07738494873047,174.08685302734375,291.82000732421875,24.135873794555664,261.9261474609375,344.89654541015625,251.946044921875,423.5680847167969,109.53175354003906
2022-04-08,73.23772430419922,86.86491394042969,171.792236328125,289.8599853515625,23.05012321472168,259.49273681640625,340.0752258300781,250.42164611816406,422.4354248046875,106.81851959228516
2022-04-11,69.57776641845703,85.58818054199219,170.98817443847656,278.9599914550781,21.851699829101562,256.0462951660156,332.02984619140625,247.326416015625,415.21502685546875,105.42257690429688
2022-04-12,68.7623062133789,85.25751495361328,172.5420379638672,277.8500061035156,21.439929962158203,255.8946990966797,330.6273498535156,244.3798065185547,413.6766357421875,106.34664916992188
2022-04-13,69.30592346191406,85.70758819580078,176.02914428710938,285.2200012207031,22.13684844970703,259.0098571777344,337.3479919433594,248.21876525878906,418.4147033691406,107.7524185180664
2022-04-14,68.17009735107422,85.29425048828125,176.3363037109375,279.70001220703125,21.194665908813477,259.3128967285156,329.6338195800781,243.21791076660156,413.2046203613281,104.22325897216797
2022-04-18,68.90792083740234,86.3138198852539,173.5177001953125,276.3500061035156,21.71809959411621,256.89837646484375,329.8870544433594,243.04129028320312,413.37451171875,106.30730438232422
2022-04-19,69.87870788574219,87.89369201660156,178.15219116210938,294.8599853515625,22.13186264038086,267.9102783203125,337.26031494140625,251.81597900390625,420.04754638671875,110.70156860351562
2022-04-20,70.05345153808594,89.22554016113281,177.37525939941406,302.8999938964844,21.417999267578125,274.0552673339844,332.3415832519531,253.3310546875,419.7360534667969,110.98664855957031
2022-04-21,68.94673919677734,88.83057403564453,177.01390075683594,294.57000732421875,20.122867584228516,271.716552734375,325.46502685546875,252.60601806640625,413.4595031738281,109.31546020507812
2022-04-22,67.16046142578125,85.9739761352539,172.216796875,252.33999633789062,19.45685577392578,262.3427734375,316.9425048828125,242.1675567626953,402.1145324707031,107.34934997558594
2022-04-25,68.68460845947266,84.69721221923828,173.29185485839844,255.1199951171875,19.842708587646484,263.46954345703125,321.0138854980469,242.892578125,404.4458312988281,110.6622314453125
2022-04-26,66.05374145507812,82.3641586303711,169.54270935058594,244.52000427246094,18.73202133178711,256.9552001953125,308.8971862792969,234.43394470214844,392.73272705078125,105.86492919921875
2022-04-27,66.2770004272461,83.2275619506836,168.35018920898438,235.35000610351562,18.36013412475586,257.2582092285156,308.5270080566406,238.691162109375,393.8370361328125,104.51817321777344
2022-04-28,67.78178405761719,84.7890625,171.57537841796875,243.25999450683594,19.72306251525879,261.6705017089844,319.4847106933594,244.78880310058594,403.78509521484375,109.78734588623047
2022-04-29,65.65570068359375,82.8326187133789,174.818603515625,239.3000030517578,18.491743087768555,256.42498779296875,305.10833740234375,234.86151123046875,388.8629455566406,103.67274475097656
2022-05-02,65.0634994506836,83.06222534179688,177.85403442382812,240.66000366210938,19.47480583190918,258.5458679199219,310.20233154296875,232.41688537597656,391.2037048339844,106.73004913330078
2022-05-03,65.33534240722656,83.108154296875,178.00765991210938,238.11000061035156,19.543596267700195,261.7367858886719,310.5335388183594,198.67538452148438,392.99700927734375,107.48697662353516
2022-05-04,66.13139343261719,83.89807891845703,185.96669006347656,246.30999755859375,20.273420333862305,275.13470458984375,321.0332946777344,206.67852783203125,404.9649353027344,112.23513793945312
2022-05-05,59.22895431518555,81.96001434326172,178.7574920654297,233.97999572753906,18.787858963012695,261.4811706542969,304.8647766113281,199.32603454589844,390.57135009765625,106.67105102539062
2022-05-06,52.7536735534668,80.83941650390625,176.5531463623047,224.85000610351562,18.619359970092773,257.106689453125,301.21221923828125,199.39109802246094,388.239990234375,104.12494659423828
2022-05-09,47.68605422973633,77.53271484375,175.22515869140625,208.7100067138672,16.899497985839844,256.7752990722656,289.4267883300781,188.89682006835938,375.80963134765625,98.52153778076172
2022-05-10,47.55985641479492,76.79788970947266,175.95689392089844,211.38999938964844,17.542579650878906,251.614990234375,292.9429016113281,190.66290283203125,376.6780090332031,100.72358703613281
2022-05-11,45.2784538269043,76.35700988769531,173.47250366210938,210.8699951171875,16.58045196533203,250.81019592285156,284.2547607421875,184.9742889404297,370.6940612792969,98.71815490722656
2022-05-12,45.229915618896484,76.48178100585938,175.1796417236328,211.69000244140625,16.12680435180664,247.8411407470703,283.5826721191406,189.4638214111328,370.3070068359375,100.13374328613281
2022-05-13,48.52095031738281,77.34132385253906,175.73358154296875,223.69000244140625,17.653249740600586,252.51364135742188,294.0922546386719,190.50132751464844,379.16033935546875,105.53070831298828
2022-05-16,47.016197204589844,78.0530014038086,176.1240234375,219.52999877929688,17.212562561035156,252.56117248535156,290.68316650390625,189.1647491455078,377.621826171875,101.76560974121094
2022-05-17,47.57926940917969,79.84605407714844,180.75503540039062,225.17999267578125,18.12284278869629,259.27008056640625,298.2123718261719,190.89385986328125,385.3896789550781,106.67105102539062
2022-05-18,46.17160415649414,77.23043060302734,176.04225158691406,215.35000610351562,16.887535095214844,250.61032104492188,283.5729675292969,182.6315155029297,369.8539123535156,101.05783081054688
2022-05-19,46.001468658447266,76.99011993408203,174.93447875976562,218.13999938964844,17.072986602783203,249.98226928710938,282.0534362792969,185.7345428466797,367.58880615234375,100.44832611083984
2022-05-20,46.2153434753418,77.30436706542969,172.3011474609375,219.07000732421875,16.644262313842773,246.2519073486328,281.1768798828125,186.47293090820312,367.7492980957031,100.63511657714844
2022-05-23,46.45838165283203,78.53362274169922,172.14678955078125,221.61000061035156,16.847652435302734,248.9735565185547,285.85223388671875,189.41709899902344,374.6298522949219,101.14630126953125
2022-05-24,43.97943878173828,77.5354232788086,172.49185180664062,218.38999938964844,16.105865478515625,249.39227294921875,279.77423095703125,185.2298583984375,371.77001953125,97.61337280273438
2022-05-25,44.77658462524414,77.84967803955078,172.927734375,222.5800018310547,16.92442512512207,249.86807250976562,283.68975830078125,185.83738708496094,375.0545654296875,98.63682556152344
2022-05-26,44.873802185058594,80.04014587402344,175.34310913085938,223.3000030517578,17.797813415527344,255.044921875,291.5500183105469,191.36119079589844,382.5487060546875,103.27196502685547
2022-05-27,47.926307678222656,81.70380401611328,178.29420471191406,229.16000366210938,18.754955291748047,259.527099609375,301.066162109375,197.2307891845703,391.9398498535156,107.66108703613281
2022-05-31,47.07082748413086,81.94409942626953,175.81527709960938,227.63999938964844,18.616365432739258,259.0037536621094,300.2674255371094,199.268310546875,389.7407531738281,107.5232925415039
2022-06-01,45.78759765625,81.86093139648438,174.26255798339844,216.38999938964844,18.26542091369629,259.3176574707031,298.0467834472656,202.82940673828125,386.58831787109375,104.94495391845703
2022-06-02,48.41236877441406,83.07169342041016,178.92079162597656,227.2100067138672,19.53363037109375,265.33197021484375,306.2088928222656,205.77357482910156,393.9503173828125,108.82232666015625
2022-06-03,46.72085189819336,83.44137573242188,176.90493774414062,217.7899932861328,18.66422462463379,263.44775390625,298.2415466308594,204.007080078125,387.4850158691406,105.7223892211914
2022-06-06,46.90555953979492,83.4136734008789,177.2408905029297,216.42999267578125,18.730030059814453,264.361328125,299.2349853515625,200.81988525390625,388.66473388671875,105.11225128173828
2022-06-07,47.31385803222656,84.59671783447266,179.4474334716797,221.9499969482422,18.86961555480957,270.03302001953125,301.81610107421875,203.0911102294922,392.39288330078125,106.79505157470703
2022-06-08,46.56531524658203,84.24549865722656,176.63255310058594,218.60000610351562,18.596370697021484,269.3288269042969,299.64410400390625,200.8292236328125,388.12677001953125,103.43927001953125
2022-06-09,44.43632888793945,83.12715148925781,174.35336303710938,209.9499969482422,17.998029708862305,263.5619812011719,291.6181945800781,199.36183166503906,378.8960266113281,99.5815658569336
2022-06-10,43.92110824584961,80.46530151367188,169.15025329589844,205.27000427246094,16.92700958251953,250.85777282714844,281.33270263671875,195.09982299804688,367.90966796875,95.42864227294922
2022-06-13,41.801849365234375,78.82014465332031,167.46128845214844,194.97000122070312,15.603681564331055,240.9037628173828,268.2517395019531,188.40765380859375,353.9408264160156,89.78973388671875
2022-06-14,41.82128143310547,78.28406524658203,166.42611694335938,191.10000610351562,15.792155265808105,240.4089813232422,268.73876953125,187.323486328125,352.8742370605469,89.46498107910156
2022-06-15,42.50177764892578,78.98651885986328,167.960693359375,196.1300048828125,16.481245040893555,242.46444702148438,275.44970703125,192.22105407714844,357.9049987792969,90.97066497802734
2022-06-16,41.07274627685547,74.86434173583984,163.33877563476562,190.7100067138672,15.557807922363281,228.90379333496094,264.33624267578125,185.07093811035156,346.05975341796875,85.56790924072266
2022-06-17,41.77268600463867,72.69236755371094,163.1753387451172,192.0800018310547,15.83603572845459,224.9354705810547,267.5504455566406,178.60311889648438,346.8056640625,87.64437866210938
2022-06-21,41.76295471191406,74.1434326171875,163.91085815429688,194.32000732421875,16.520132064819336,230.197998046875,274.3006591796875,180.75283813476562,355.5361022949219,89.927490234375
2022-06-22,41.26717758178711,72.52599334716797,161.38648986816406,200.6199951171875,16.314706802368164,232.0726776123047,273.90057373046875,182.87449645996094,354.8914794921875,89.88813018798828
2022-06-23,42.95869064331055,71.89749908447266,158.5170440673828,204.5,16.180082321166992,228.3518524169922,277.9798278808594,184.29519653320312,358.3703308105469,90.47860717773438
2022-06-24,44.11553192138672,75.81629180908203,163.4658966064453,209.6699981689453,17.07858657836914,240.85618591308594,287.50433349609375,187.92166137695312,369.76434326171875,95.5762710571289
2022-06-27,44.20301818847656,76.24146270751953,161.89495849609375,207.94000244140625,16.822294235229492,239.68568420410156,285.3963928222656,188.14599609375,368.3519287109375,96.40290069580078
2022-06-28,43.38642883300781,75.34494018554688,159.77017211914062,201.99000549316406,15.937751770019531,237.90615844726562,276.7013244628906,184.72512817382812,360.82550048828125,93.71630859375
2022-06-29,42.73509216308594,74.41146850585938,157.27305603027344,202.58999633789062,15.498970985412598,235.3653106689453,276.9551086425781,184.2858428955078,360.53155517578125,88.81546783447266
2022-06-30,41.3352165222168,73.51493835449219,157.82696533203125,200.7100067138672,15.117033004760742,234.147216796875,273.51995849609375,186.28598022460938,357.6025390625,88.1265869140625
2022-07-01,42.25875473022461,74.27281188964844,159.00741577148438,206.10000610351562,14.482791900634766,237.01162719726562,275.325439453125,185.72520446777344,361.38470458984375,84.43620300292969
2022-07-05,42.85175323486328,73.13600158691406,156.26512145996094,206.75,14.922571182250977,234.3946533203125,280.0387878417969,186.57569885253906,362.0672302246094,85.43014526367188
2022-07-06,42.948970794677734,73.70901489257812,157.28211975097656,205.35000610351562,15.088113784790039,232.3106231689453,281.8345031738281,187.4636688232422,363.28997802734375,86.59137725830078
2022-07-07,44.378013610839844,74.74418640136719,157.80877685546875,208.7100067138672,15.814095497131348,238.81971740722656,287.8653564453125,189.66946411132812,368.7310791015625,90.06526947021484
2022-07-08,43.493370056152344,74.55934143066406,157.400146484375,208.80999755859375,15.79415225982666,236.0409698486328,288.2264709472656,187.0524444580078,368.4277648925781,90.61637115478516
2022-07-11,43.094783782958984,74.1803970336914,156.94615173339844,205.72000122070312,15.110050201416016,236.0504913330078,282.0687255859375,187.71600341796875,364.218994140625,88.5103759765625
2022-07-12,42.3073616027832,73.06204986572266,157.64535522460938,202.1300048828125,15.040243148803711,237.0496826171875,279.336181640625,185.50091552734375,360.99609375,88.24468231201172
2022-07-13,42.9198112487793,72.68310546875,155.1573028564453,202.05999755859375,15.122017860412598,233.32884216308594,278.76043701171875,185.01486206054688,359.1002197265625,88.59895324707031
2022-07-14,42.9198112487793,71.78659057617188,153.92237854003906,204.30999755859375,15.329442024230957,232.82449340820312,279.7558288574219,186.63180541992188,358.2281799316406,90.4490737915039
2022-07-15,43.940547943115234,73.57038116455078,156.9098358154297,210.9199981689453,15.71835994720459,236.3455047607422,284.83038330078125,192.86595153808594,365.0721740722656,92.25982666015625
2022-07-18,43.678062438964844,73.34856414794922,155.22994995117188,206.25999450683594,16.05642318725586,235.7744903564453,282.4200439453125,191.32376098632812,362.0577697753906,91.8071517944336
2022-07-19,45.67094421386719,76.01041412353516,160.93247985839844,214.44000244140625,16.94495964050293,247.4128875732422,291.1053466796875,202.25924682617188,371.8403015136719,97.6527328491211
2022-07-20,46.55559158325195,76.37088775634766,161.86776733398438,219.22000122070312,17.7576961517334,252.36134338378906,295.72125244140625,201.7545166015625,374.21014404296875,100.17204284667969
2022-07-21,47.974910736083984,77.35980987548828,163.4749755859375,224.75,18.00002670288086,255.3208770751953,299.96636962890625,206.09133911132812,378.0207214355469,101.1364517211914
2022-07-22,47.40134811401367,76.80526733398438,164.78256225585938,211.85000610351562,17.27105140686035,254.91163635253906,294.7063293457031,207.1194610595703,374.5134582519531,98.86317443847656
2022-07-25,47.109703063964844,77.81269836425781,164.59185791015625,219.1699981689453,16.97686767578125,254.6071319580078,293.0278015136719,205.58660888671875,374.9684143066406,98.50889587402344
2022-07-26,46.273677825927734,77.70179748535156,164.7371368408203,216.7899932861328,16.487226486206055,257.2431945800781,287.2701416015625,205.09124755859375,370.5321960449219,96.58989715576172
2022-07-27,47.73188018798828,79.81832885742188,166.7711639404297,225.33999633789062,17.74074935913086,263.6475830078125,299.41015625,224.74705505371094,380.15350341796875,96.38323974609375
2022-07-28,49.180362701416016,81.69454956054688,172.927734375,230.5399932861328,17.934207916259766,269.26220703125,302.3376770019531,231.07464599609375,384.9216003417969,97.37718200683594
2022-07-29,49.55949783325195,83.24730682373047,174.76194763183594,230.1699981689453,18.11271095275879,275.10516357421875,307.85150146484375,238.59864807128906,390.53326416015625,99.28633117675781
2022-08-01,49.12202453613281,82.57258605957031,174.33517456054688,228.5399932861328,18.389944076538086,273.4017028808594,307.6659851074219,236.0657196044922,389.3768005371094,98.7057113647461
2022-08-02,48.3345947265625,82.36003112792969,171.7290802001953,238.47999572753906,18.47471046447754,271.7744445800781,306.74871826171875,232.03733825683594,386.8080139160156,97.36734008789062
2022-08-03,45.165443420410156,83.0162353515625,173.8902587890625,242.17999267578125,18.84069061279297,276.0282287597656,315.10223388671875,234.6637420654297,392.8652038574219,99.80790710449219
2022-08-04,46.61392593383789,82.80365753173828,174.74383544921875,242.4600067138672,19.161806106567383,279.2732849121094,316.5758056640625,237.36488342285156,392.59979248046875,100.09329986572266
2022-08-05,46.60420227050781,83.5430679321289,174.58944702148438,240.32000732421875,18.936429977416992,278.6548156738281,313.98968505859375,235.7572784423828,391.936279296875,99.14857482910156
2022-08-08,46.575035095214844,83.21033477783203,176.13308715820312,239.1300048828125,17.74374008178711,278.3977966308594,312.974853515625,234.1870574951172,391.4811706542969,98.15462493896484
2022-08-09,44.708534240722656,80.03091430664062,176.2420654296875,232.8800048828125,17.038694381713867,275.7332763671875,309.43243408203125,229.13990783691406,389.92657470703125,91.35446166992188
2022-08-10,46.594478607177734,80.90895080566406,179.0933380126953,237.85000610351562,18.046897888183594,285.1923522949219,318.06890869140625,237.0377655029297,398.11663818359375,97.54447174072266
2022-08-11,47.129154205322266,81.34125518798828,181.15573120117188,236.02000427246094,17.892322540283203,287.6380310058594,316.26361083984375,236.39285278320312,398.11663818359375,98.31208038330078
2022-08-12,46.87639617919922,82.94966888427734,183.3094482421875,238.3699951171875,18.657201766967773,293.10040283203125,322.42132568359375,241.98814392089844,404.85626220703125,102.6814956665039
2022-08-15,47.20692443847656,82.59636688232422,184.5687713623047,238.25999450683594,18.979305267333984,291.59686279296875,325.0269470214844,242.9833221435547,406.524658203125,101.2643814086914
2022-08-16,47.28469467163086,83.62836456298828,185.8646697998047,233.7100067138672,18.826736450195312,291.3018493652344,324.26580810546875,243.56536865234375,407.32098388671875,99.96537780761719
2022-08-17,46.02091979980469,82.614990234375,185.0524444580078,229.7100067138672,18.28423500061035,284.7165832519531,320.5672607421875,240.25135803222656,404.4297790527344,98.86317443847656
2022-08-18,45.9576416015625,83.94448852539062,185.9102783203125,229.58999633789062,18.721027374267578,286.1916198730469,321.3381042480469,240.7113800048828,405.6051940917969,99.32569885253906
2022-08-19,44.81867218017578,82.44762420654297,183.93910217285156,224.77999877929688,17.79958152770996,281.4525146484375,315.072998046875,236.21446228027344,400.1546630859375,95.3105697631836
2022-08-22,42.4239387512207,80.18841552734375,180.54432678222656,218.5399932861328,16.986839294433594,271.2701110839844,306.7780456542969,228.97621154785156,391.8224182128906,90.95098114013672
2022-08-23,41.878780364990234,80.63467407226562,180.27967834472656,216.80999755859375,17.13343620300293,271.7459411621094,306.5242919921875,228.52560424804688,390.8745422363281,91.5020751953125
2022-08-24,42.63810348510742,80.82990264892578,180.49867248535156,220.47000122070312,17.174320220947266,271.5936279296875,307.412353515625,228.26271057128906,392.1257629394531,91.09859466552734
2022-08-25,44.166439056396484,81.78753662109375,182.9078826904297,225.02000427246094,17.8634033203125,278.23602294921875,312.8479919433594,231.75509643554688,397.6616516113281,94.798828125
2022-08-26,43.66025161743164,78.71015930175781,176.18218994140625,211.08999633789062,16.214984893798828,264.0398254394531,300.02490234375,222.3857421875,384.2011413574219,88.72689056396484
2022-08-29,43.05669403076172,78.85892486572266,175.59814453125,208.89999389648438,15.75725269317627,261.28662109375,297.0679931640625,223.3621368408203,381.6607360839844,86.23709869384766
2022-08-30,41.732765197753906,77.4643325805664,174.02853393554688,206.5,15.425175666809082,257.7399597167969,293.759765625,222.1510772705078,377.470947265625,84.46350860595703
2022-08-31,40.99293899536133,75.99536895751953,172.79653930664062,205.74000549316406,15.05221176147461,253.33287048339844,292.05194091796875,222.4420928955078,374.5987548828125,83.39932250976562
2022-09-01,41.39204788208008,76.24638366699219,174.05587768554688,206.11000061035156,13.898415565490723,255.8662109375,292.1788024902344,226.97653198242188,375.7742004394531,81.56660461425781
2022-09-02,40.769039154052734,76.0046615600586,170.5515899658203,203.6699981689453,13.609217643737793,253.20863342285156,288.0507507324219,223.44664001464844,371.8118591308594,81.82278442382812
2022-09-06,41.48939895629883,75.78153991699219,169.37435913085938,202.3000030517578,13.427721977233887,254.79551696777344,285.98199462890625,223.68130493164062,370.4089660644531,81.70452117919922
2022-09-07,42.58942413330078,76.46023559570312,172.5592803955078,210.8699951171875,13.680095672607422,260.99029541015625,291.7591857910156,228.1313018798828,377.0633239746094,83.77375793457031
2022-09-08,43.28058624267578,77.78974151611328,171.40029907226562,214.77999877929688,13.955413818359375,262.6631774902344,293.27178955078125,229.94320678710938,379.5278625488281,84.87732696533203
2022-09-09,43.98149490356445,78.75665283203125,174.93197631835938,221.32000732421875,14.351431846618652,266.7070007324219,299.683349609375,239.75376892089844,385.42401123046875,87.53775024414062
2022-09-12,44.263797760009766,79.54690551757812,175.2422332763672,222.02000427246094,14.469141006469727,270.1101989746094,303.2452697753906,241.33096313476562,389.56634521484375,86.09915924072266
2022-09-13,41.752235412597656,76.6926498413086,168.80856323242188,211.39999389648438,13.098535537719727,258.38043212890625,286.6163330078125,232.45921325683594,372.6270446777344,81.94102478027344
2022-09-14,41.265506744384766,76.51602172851562,164.236572265625,210.77999877929688,13.09554386138916,258.84881591796875,288.89007568359375,235.6324005126953,374.0489196777344,82.4139633178711
2022-09-15,40.817710876464844,74.8611068725586,161.39840698242188,209.6199951171875,12.897035598754883,255.76107788085938,284.0790100097656,230.16851806640625,369.80224609375,81.14288330078125
2022-09-16,41.17789077758789,72.71347045898438,161.84561157226562,206.27999877929688,13.16537094116211,248.6486358642578,282.3419189453125,223.34332275390625,366.98114013671875,80.89656066894531
2022-09-19,40.61328125,74.0057601928711,163.0137176513672,202.2100067138672,13.348916053771973,253.48582458496094,284.5406188964844,227.34268188476562,369.82696533203125,81.28083801269531
2022-09-20,43.23191452026367,72.53681945800781,161.5353546142578,199.5500030517578,13.143425941467285,247.55880737304688,282.27252197265625,221.70040893554688,365.5819091796875,79.655029296875
2022-09-21,41.77170181274414,71.1422119140625,159.062255859375,195.0399932861328,13.228215217590332,247.24334716796875,277.2181091308594,216.92189025878906,359.2047119140625,79.78312683105469
2022-09-22,41.18762969970703,70.22181701660156,158.10403442382812,191.0800018310547,12.529946327209473,239.4043731689453,273.80621337890625,211.23268127441406,356.1875,78.62042236328125
2022-09-23,41.41152572631836,68.65056610107422,156.3975067138672,190.52000427246094,12.485057830810547,233.8501434326172,269.34820556640625,206.31329345703125,350.2196350097656,78.02922821044922
2022-09-26,41.04160690307617,67.99977111816406,155.2020263671875,187.92999267578125,12.197771072387695,229.4144744873047,268.2336730957031,202.23883056640625,346.7550048828125,76.0782470703125
2022-09-27,41.50887680053711,67.9253921508789,155.2020263671875,186.3800048828125,12.382312774658203,227.79885864257812,268.34130859375,199.15017700195312,345.8698425292969,77.22123718261719
2022-09-28,42.346065521240234,69.74764251708984,158.6333465576172,192.39999389648438,12.704514503479004,236.93797302246094,273.6790771484375,204.0320281982422,352.6753234863281,77.792724609375
2022-09-29,41.05134201049805,68.98527526855469,155.2020263671875,189.05999755859375,12.189790725708008,234.74879455566406,265.7895812988281,202.5768280029297,345.308349609375,76.03882598876953
2022-09-30,40.35044479370117,68.07415008544922,152.37307739257812,187.44000244140625,12.108989715576172,231.64187622070312,261.2827453613281,201.94784545898438,339.9685974121094,74.04842376708984
2022-10-03,42.28765106201172,70.23111724853516,157.91238403320312,193.36000061035156,12.48106861114502,241.15377807617188,267.4124450683594,211.83349609375,348.94427490234375,77.53654479980469
2022-10-04,43.93282699584961,72.75064849853516,162.6121826171875,201.5399932861328,13.13444709777832,251.44961547851562,275.82012939453125,217.644775390625,359.7568664550781,80.47285461425781
2022-10-05,43.689449310302734,74.163818359375,162.26541137695312,201.3800048828125,13.17634391784668,251.60267639160156,275.6735534667969,220.3485565185547,358.919189453125,80.74876403808594
2022-10-06,43.64078140258789,73.88490295410156,159.73753356933594,197.6999969482422,13.097539901733398,249.44207763671875,273.503173828125,218.85585021972656,355.2167053222656,80.8078842163086
2022-10-07,41.79117965698242,72.36016082763672,156.42489624023438,188.67999267578125,12.04614543914795,242.99884033203125,263.08154296875,211.61758422851562,345.308349609375,76.19647216796875
2022-10-10,42.13188934326172,72.86221313476562,156.8629608154297,186.5500030517578,11.641148567199707,241.73695373535156,260.4517517089844,211.54249572753906,342.6717834472656,74.99435424804688
2022-10-11,41.60621643066406,72.51820373535156,158.44168090820312,185.89999389648438,11.557357788085938,243.77313232421875,256.87359619140625,212.1057586669922,340.50164794921875,72.93498229980469
2022-10-12,40.85664367675781,72.0533447265625,157.68423461914062,186.33999633789062,11.471569061279297,242.0237579345703,256.78558349609375,211.55186462402344,339.37847900390625,70.9446029663086
2022-10-13,41.752235412597656,75.11214447021484,162.02813720703125,190.3800048828125,11.93043327331543,247.75001525878906,262.8078308105469,217.78555297851562,348.33514404296875,74.00901794433594
2022-10-14,39.795570373535156,72.72274780273438,158.93446350097656,183.05999755859375,11.199243545532227,243.046630859375,254.90850830078125,210.18121337890625,340.39697265625,70.32384490966797
2022-10-17,42.30711364746094,74.4427490234375,161.56268310546875,190.1199951171875,11.858609199523926,250.4458465576172,263.325927734375,216.59329223632812,349.1441345214844,70.4617919921875
2022-10-18,43.10536575317383,75.8652114868164,164.15438842773438,193.72999572753906,11.937414169311523,255.08233642578125,265.4083557128906,222.30125427246094,353.2464294433594,71.71318817138672
2022-10-19,42.297386169433594,75.4933090209961,163.60687255859375,211.13999938964844,12.021206855773926,253.88734436035156,264.4403991699219,219.6162567138672,350.7431640625,72.1072998046875
2022-10-20,41.3433723449707,74.51712799072266,162.11026000976562,212.0,12.163854598999023,248.46701049804688,263.09130859375,211.42984008789062,347.802001953125,72.86603546142578
2022-10-21,42.54075622558594,77.31558990478516,166.82827758789062,218.49000549316406,12.4351806640625,257.5296325683594,269.2602233886719,217.68228149414062,356.25421142578125,76.13736724853516
2022-10-24,42.45314025878906,77.9942626953125,170.56069946289062,220.27000427246094,12.567852973937988,264.8905944824219,272.2224426269531,220.874267578125,360.61346435546875,76.32456970214844
2022-10-25,44.77000427246094,78.60787963867188,173.07034301757812,237.8699951171875,13.228215217590332,269.4505615234375,277.8536376953125,226.86386108398438,366.37200927734375,78.48246765136719
2022-10-26,44.711585998535156,79.21221160888672,173.6361083984375,241.66000366210938,12.864118576049805,266.6208801269531,271.7140197753906,226.2161102294922,363.6116638183594,81.04436492919922
2022-10-27,44.526634216308594,79.85370635986328,179.31234741210938,241.69000244140625,13.143425941467285,271.0948791503906,266.7672119140625,231.5579376220703,361.66998291015625,78.68939208984375
2022-10-28,45.860286712646484,81.2575912475586,187.01446533203125,244.16000366210938,13.799798965454102,278.8095703125,274.9305114746094,241.34976196289062,370.27423095703125,82.12823486328125
2022-10-31,45.003639221191406,80.51380920410156,186.18405151367188,246.47000122070312,13.46363353729248,277.8249206542969,271.733642578125,239.6786651611328,367.5997619628906,80.15756225585938
2022-11-01,44.254066467285156,79.8165054321289,185.34449768066406,246.86000061035156,13.509517669677734,276.2188720703125,268.9570617675781,240.00721740722656,365.99114990234375,81.01478576660156
2022-11-02,41.59647750854492,78.97977447509766,182.94436645507812,236.1300048828125,13.186319351196289,271.0662536621094,259.73797607421875,220.97750854492188,356.8061828613281,78.27555084228516
2022-11-03,41.450462341308594,80.89500427246094,186.521728515625,234.19000244140625,13.38782024383545,273.5708923339844,254.6641082763672,227.97171020507812,353.1322326660156,78.91603088378906
2022-11-04,44.81867218017578,82.82880401611328,189.67921447753906,239.52999877929688,14.121003150939941,285.72125244140625,258.7604064941406,232.29022216796875,358.21490478515625,83.47814178466797
2022-11-07,46.63907241821289,84.82772064208984,191.431396484375,242.3300018310547,14.265643119812012,287.40380859375,261.6053466796875,235.53851318359375,361.641357421875,84.2861328125
2022-11-08,45.65586853027344,84.84630584716797,192.88235473632812,240.6999969482422,14.565901756286621,286.07501220703125,263.5117492675781,238.76800537109375,363.5926513671875,85.18280029296875
2022-11-09,44.72133255004883,84.26658630371094,191.32337951660156,236.1300048828125,13.741942405700684,276.49615478515625,257.4308776855469,237.94186401367188,356.1018371582031,83.13328552246094
2022-11-10,48.48867416381836,87.89458465576172,196.9815673828125,257.8599853515625,15.711063385009766,291.3053283691406,276.42626953125,250.4581756591797,375.67120361328125,91.96195220947266
2022-11-11,49.802860260009766,89.24103546142578,195.08326721191406,265.0799865722656,16.286638259887695,296.3473815917969,281.5196838378906,257.9943542480469,379.3070983886719,94.89825439453125
2022-11-14,49.39400100708008,88.63327026367188,195.3308563232422,259.44000244140625,16.254714965820312,294.8011779785156,279.0561218261719,252.2030792236328,376.0804138183594,92.76009368896484
2022-11-15,49.85152816772461,89.9329833984375,197.55931091308594,264.17999267578125,16.62479591369629,298.73876953125,282.91778564453125,254.23104858398438,379.2880554199219,95.17415618896484
2022-11-16,48.839115142822266,89.04468536376953,196.24794006347656,263.0400085449219,15.87066650390625,297.1156921386719,279.0561218261719,249.29806518554688,376.39453125,90.13906860351562
2022-11-17,47.67906951904297,88.46493530273438,196.71560668945312,260.7699890136719,15.638242721557617,292.0928649902344,278.4402160644531,243.97837829589844,375.2427978515625,91.15396118164062
2022-11-18,46.53851318359375,87.61405181884766,196.7339630126953,262.1099853515625,15.370903015136719,293.5238342285156,278.449951171875,249.7036895751953,376.9466247558594,91.53825378417969
2022-11-21,47.08441925048828,88.52102661132812,198.5955810546875,260.3500061035156,15.279132843017578,295.2333679199219,275.58544921875,248.61891174316406,375.575927734375,89.7646255493164
2022-11-22,46.31430435180664,89.78336334228516,200.6130828857422,262.8999938964844,15.998348236083984,297.13494873046875,279.5547180175781,251.80702209472656,380.6300354003906,91.56780242919922
2022-11-23,47.93252944946289,89.66181182861328,200.75062561035156,264.45001220703125,16.478160858154297,294.21539306640625,282.36053466796875,251.46743774414062,383.0286560058594,92.65167236328125
2022-11-25,47.70831298828125,89.87687683105469,201.7960662841797,265.1300048828125,16.229778289794922,293.9079895019531,280.50299072265625,249.81675720214844,382.9430236816406,91.33964538574219
2022-11-28,47.318382263183594,88.10029602050781,197.87110900878906,262.6400146484375,15.787871360778809,283.3821716308594,276.38714599609375,245.9025115966797,376.83233642578125,89.00165557861328
2022-11-29,46.54825973510742,88.1844253540039,198.74227905273438,258.79998779296875,15.600335121154785,282.633056640625,274.2950134277344,244.88388061523438,376.18511962890625,87.98555755615234
2022-11-30,48.52717208862305,89.54959869384766,201.33753967285156,270.3900146484375,16.885482788085938,287.098876953125,286.7989501953125,249.213134765625,388.0351867675781,92.18802642822266
2022-12-01,49.326534271240234,89.42805480957031,199.35670471191406,274.489990234375,17.09701156616211,285.735107421875,287.1509094238281,251.59945678710938,387.7496643066406,91.043701171875
2022-12-02,49.482513427734375,90.57815551757812,200.90652465820312,272.25,16.83858871459961,285.6006164550781,286.00714111328125,250.41104125976562,387.3023376464844,91.41856384277344
2022-12-05,48.59540939331055,88.96987915039062,197.71522521972656,269.7200012207031,16.573171615600586,281.269287109375,281.2069091796875,247.75115966796875,380.3349914550781,92.12883758544922
2022-12-06,47.240394592285156,88.22183990478516,195.505126953125,266.30999755859375,15.951555252075195,278.5993957519531,275.3801574707031,242.186279296875,374.8525695800781,89.16935729980469
2022-12-07,46.918704986572266,88.55845642089844,195.7435302734375,267.9599914550781,16.08426284790039,280.4913635253906,274.25592041015625,240.29991149902344,374.2148742675781,90.12625122070312
2022-12-08,48.517417907714844,88.76416015625,195.65185546875,272.0199890136719,17.130937576293945,280.53936767578125,277.50164794921875,242.56358337402344,377.1464538574219,93.50994110107422
2022-12-09,47.113670349121094,88.07223510742188,194.0745086669922,270.6000061035156,16.963306427001953,277.9752197265625,275.7321472167969,245.0536346435547,374.3290710449219,91.16206359863281
2022-12-12,48.55641555786133,89.90492248535156,196.70643615722656,273.8399963378906,17.496124267578125,284.1216125488281,279.1929931640625,249.4300537109375,379.7259216308594,93.31263732910156
2022-12-13,50.00892639160156,91.70022583007812,197.1282958984375,281.739990234375,18.031932830810547,286.4745788574219,282.1943359375,256.2966613769531,382.6003723144531,95.20671081542969
2022-12-14,50.242881774902344,91.37294006347656,196.90821838378906,280.6499938964844,17.63481330871582,285.22607421875,280.1021728515625,253.8820037841797,380.1541442871094,92.87857055664062
2022-12-15,48.12749099731445,89.0633773803711,191.63519287109375,267.29998779296875,16.914413452148438,278.1576232910156,270.69732666015625,242.54470825195312,370.85504150390625,87.32460021972656
2022-12-16,46.674991607666016,88.7922134399414,192.34132385253906,264.67999267578125,16.534263610839844,274.4313049316406,268.1163635253906,238.69647216796875,366.4765319824219,87.81786346435547
2022-12-19,45.60268020629883,88.4369125366211,192.0386962890625,261.010009765625,16.21796226501465,271.5020751953125,264.34844970703125,236.42330932617188,363.3690185546875,87.20623016357422
2022-12-20,45.622169494628906,88.86703491210938,193.94613647460938,261.79998779296875,16.049339294433594,275.266845703125,264.142578125,239.95089721679688,363.86627197265625,86.60446166992188
2022-12-21,46.782230377197266,90.49400329589844,197.2566680908203,266.1600036621094,16.464414596557617,280.6641845703125,267.97430419921875,244.629150390625,369.306884765625,88.53800201416016
2022-12-22,45.77814483642578,88.90442657470703,194.69810485839844,263.6099853515625,15.304993629455566,279.0123596191406,261.4182434082031,241.43174743652344,364.0383605957031,84.94715881347656
2022-12-23,46.246070861816406,89.33454132080078,196.1287384033203,262.6600036621094,15.17228889465332,279.4349060058594,262.0061950683594,242.15798950195312,366.13238525390625,85.39108276367188
2022-12-27,45.91461944580078,90.38180541992188,197.06410217285156,263.9700012207031,14.089693069458008,280.9810791015625,258.30194091796875,242.92196655273438,364.68853759765625,83.61538696289062
2022-12-28,44.988529205322266,89.07273864746094,194.5880889892578,261.6499938964844,14.004880905151367,275.5069274902344,254.89163208007812,240.696044921875,360.15618896484375,83.1023941040039
2022-12-29,46.32405471801758,90.10127258300781,196.9357147216797,267.7900085449219,14.570624351501465,280.43377685546875,261.10467529296875,244.88388061523438,366.63916015625,86.30850982666016
2022-12-30,45.92436981201172,89.82078552246094,196.5230255126953,265.3500061035156,14.5816011428833,279.4732971191406,260.9478454589844,242.94085693359375,365.67333984375,86.17041015625
2023-01-03,46.71398162841797,89.86752319335938,196.5230255126953,265.6300048828125,14.2832612991333,280.2032165527344,259.1839294433594,246.5722198486328,364.1339416503906,84.76958465576172
2023-01-04,48.03976058959961,89.22234344482422,192.61643981933594,270.0,14.716300010681152,285.1300354003906,260.4186096191406,245.73275756835938,366.94512939453125,86.23947143554688
2023-01-05,47.45485305786133,88.83897399902344,187.50848388671875,268.6199951171875,14.233372688293457,286.2921142578125,256.3419494628906,243.89344787597656,362.757080078125,85.94353485107422
2023-01-06,48.61491012573242,91.58802032470703,192.82736206054688,270.3900146484375,14.826056480407715,296.32818603515625,263.4173889160156,252.32569885253906,371.07586669921875,90.00786590576172
2023-01-09,50.72054672241211,90.94284057617188,193.1941680908203,264.92999267578125,15.593352317810059,297.259765625,265.12255859375,254.04237365722656,370.86553955078125,91.95126342773438
2023-01-10,50.41835021972656,91.4664535522461,193.80860900878906,271.3599853515625,15.873730659484863,298.2009582519531,267.36663818359375,256.2306213378906,373.46624755859375,93.50007629394531
2023-01-11,51.315189361572266,91.82179260253906,194.68896484375,259.9599914550781,15.965522766113281,298.9884948730469,271.9921569824219,264.1911926269531,378.1898498535156,95.03900909423828
2023-01-12,51.276206970214844,91.68152618408203,198.06370544433594,256.94000244140625,16.47439193725586,302.695556640625,273.4620666503906,265.4267883300781,379.5667724609375,94.84170532226562
2023-01-13,51.86110305786133,91.55997467041016,198.64141845703125,258.8999938964844,16.861536026000977,304.9140625,275.3437194824219,269.0392761230469,381.0393371582031,96.12416076660156
2023-01-17,49.843196868896484,85.31383514404297,194.63392639160156,261.7300109863281,17.66275405883789,302.24420166015625,275.90228271484375,266.1625061035156,380.3412780761719,95.3349609375
2023-01-18,49.706722259521484,83.41568756103516,187.2975616455078,256.3500061035156,17.338476181030273,295.61749267578125,272.31561279296875,258.8338317871094,374.3365478515625,94.61481475830078
2023-01-19,49.35578155517578,81.24639129638672,184.01454162597656,252.5,16.727832794189453,286.0135498046875,269.6402587890625,250.2506561279297,371.6113586425781,92.58261108398438
2023-01-20,50.2818717956543,81.6764907836914,185.2708740234375,256.7699890136719,17.79945182800293,293.22613525390625,277.0194396972656,254.66488647460938,378.53411865234375,96.21292877197266
2023-01-23,52.10480880737305,83.21932983398438,187.49929809570312,255.97999572753906,19.150447845458984,299.36297607421875,283.1737060546875,259.9656677246094,383.0760192871094,102.1023178100586
2023-01-24,51.51015853881836,83.66815948486328,189.76441955566406,257.9800109863281,19.222286224365234,300.3041687011719,282.5954895019531,262.1916198730469,382.6648254394531,101.62879180908203
2023-01-25,51.8026123046875,83.29415130615234,189.52597045898438,243.8000030517578,19.28015899658203,297.9128112792969,281.9683532714844,262.2859191894531,382.8081970214844,102.04313659667969
2023-01-26,51.76362228393555,84.7341079711914,191.98365783691406,250.5500030517578,19.75809669494629,301.95611572265625,287.46600341796875,265.8606262207031,387.01544189453125,102.27002716064453
2023-01-27,51.412681579589844,83.62139129638672,190.8648681640625,247.25999450683594,20.319849014282227,307.1324768066406,290.3275451660156,270.19000244140625,387.9046936035156,102.04313659667969
2023-01-30,50.86677551269531,83.86450958251953,188.70980834960938,242.22999572753906,19.119518280029297,304.7315673828125,284.4574890136719,262.6820373535156,383.0377502441406,98.81727600097656
2023-01-31,53.36234664916992,84.36009979248047,191.18582153320312,245.69000244140625,19.49368667602539,313.0869445800781,288.7203369140625,266.0115966796875,388.669677734375,100.32662200927734
2023-02-01,53.89850616455078,85.6691665649414,189.5718231201172,251.19000244140625,20.896570205688477,315.67047119140625,294.89422607421875,266.80389404296875,392.8003234863281,106.53166961669922
2023-02-02,55.60445022583008,85.53826141357422,190.17709350585938,260.8999938964844,21.660871505737305,324.179443359375,305.4779052734375,274.6230163574219,398.51837158203125,110.03373718261719
2023-02-03,54.493160247802734,85.45409393310547,185.8761444091797,254.67999267578125,21.053218841552734,336.1362609863281,300.04888916015625,273.4912109375,394.2824401855469,106.53166961669922
2023-02-06,53.03090286254883,84.55645751953125,187.11415100097656,248.97999572753906,21.04224395751953,335.16632080078125,297.5107421875,271.3784484863281,391.87286376953125,105.50572967529297
2023-02-07,53.27460861206055,85.25773620605469,188.425537109375,253.05999755859375,22.123842239379883,335.19512939453125,303.6748046875,272.9535827636719,396.99798583984375,108.71183013916016
2023-02-08,53.089385986328125,80.40482330322266,185.4451446533203,248.85000610351562,22.15576934814453,338.0475158691406,298.2751159667969,269.2091064453125,392.65692138671875,106.17654418945312
2023-02-09,52.670204162597656,79.619384765625,182.69398498535156,244.17999267578125,22.287479400634766,338.972900390625,295.63897705078125,271.35955810546875,389.2528991699219,106.20612335205078
2023-02-10,51.72462463378906,80.27391815185547,183.84027099609375,245.27000427246094,21.21785545349121,336.3315734863281,293.6986389160156,268.98272705078125,390.1612548828125,104.13448333740234
2023-02-13,52.757957458496094,81.26506042480469,186.4997100830078,245.1300048828125,21.73969268798828,339.3778991699219,298.40252685546875,277.1036682128906,394.7414245605469,105.30841827392578
2023-02-14,53.93749237060547,80.40482330322266,184.32630920410156,241.08999633789062,22.920072555541992,339.6767272949219,300.6074523925781,276.5189514160156,394.5597839355469,106.55140686035156
2023-02-15,54.95132827758789,81.27444458007812,184.97743225097656,244.77000427246094,22.71352767944336,348.16986083984375,302.9103698730469,281.1217346191406,395.8410339355469,106.99533081054688
2023-02-16,53.917999267578125,80.61595916748047,182.82237243652344,240.16000366210938,21.953222274780273,341.7879333496094,297.2265319824219,279.074951171875,390.3907165527344,104.9709701538086
2023-02-17,46.92845153808594,80.37137603759766,184.71148681640625,238.91000366210938,21.340579986572266,342.6941223144531,295.1293640136719,281.934814453125,389.4154357910156,103.93408966064453
2023-02-21,46.021854400634766,77.18247985839844,180.4380645751953,233.5800018310547,20.609207153320312,331.1836242675781,288.1422119140625,273.41204833984375,381.6034240722656,99.89522552490234
2023-02-22,45.64167404174805,77.41766357421875,179.2733917236328,233.5500030517578,20.70798683166504,332.8995361328125,288.3577880859375,273.6203918457031,381.07757568359375,99.51009368896484
2023-02-23,45.66116714477539,77.42706298828125,179.78965759277344,234.89999389648438,23.611539840698242,336.456787109375,290.87628173828125,276.4708557128906,383.1046447753906,101.70233917236328
2023-02-24,45.856143951416016,77.30477142333984,177.04232788085938,231.0500030517578,23.234375,335.5120544433594,286.0058898925781,274.9935302734375,379.01220703125,99.38172149658203
2023-02-27,45.729400634765625,77.22952270507812,177.42034912109375,231.74000549316406,23.448898315429688,337.8739929199219,288.0539245605469,278.7813720703125,380.3030090332031,99.70759582519531
2023-02-28,46.226566314697266,77.80333709716797,176.52610778808594,229.38999938964844,23.16452980041504,339.19476318359375,287.681640625,279.2927551269531,378.8974609375,99.87547302246094
2023-03-01,46.8504638671875,78.132568359375,177.81678771972656,227.3300018310547,22.647676467895508,340.6407470703125,285.36883544921875,277.1336975097656,377.444091796875,100.11248779296875
2023-03-02,46.64545440673828,78.82866668701172,179.26417541503906,228.89999389648438,23.262311935424805,342.7133483886719,287.7305908203125,280.8173828125,380.3795471191406,100.77410125732422
2023-03-03,48.0512580871582,80.4654312133789,181.44911193847656,234.8699951171875,23.837034225463867,346.9069519042969,293.67901611328125,286.54656982421875,386.47998046875,101.7418441772461
2023-03-06,47.611942291259766,81.97993469238281,181.6519012451172,234.85000610351562,23.501779556274414,347.5335693359375,294.0122375488281,289.35919189453125,386.7477111816406,100.37908935546875
2023-03-07,47.348358154296875,80.74765014648438,180.3428192138672,230.7100067138672,23.240318298339844,346.6081237792969,290.40594482421875,283.4594421386719,380.8193664550781,99.32247924804688
2023-03-08,47.48503112792969,80.54069519042969,180.29669189453125,231.08999633789062,24.131484985351562,349.62554931640625,291.8563232421875,286.27203369140625,381.44091796875,101.95909881591797
2023-03-09,47.123809814453125,78.4900131225586,177.81678771972656,228.57000732421875,23.38801383972168,338.3077697753906,286.79962158203125,283.0711975097656,374.4033508300781,100.86297607421875
2023-03-10,46.342811584472656,77.29537200927734,178.2316436767578,224.75,22.917978286743164,326.2959289550781,282.7718811035156,273.74346923828125,369.0009460449219,100.02361297607422
2023-03-13,46.167091369628906,77.04139709472656,178.0196533203125,227.77999877929688,22.918973922729492,320.1453552246094,284.8690185546875,270.845703125,368.4749755859375,101.44560241699219
2023-03-14,46.88950729370117,78.16078186035156,177.8997802734375,235.27999877929688,24.01372718811035,322.19879150390625,291.41522216796875,278.6961669921875,374.56597900390625,103.85508728027344
2023-03-15,46.567352294921875,75.75265502929688,173.4285125732422,234.17999267578125,24.178390502929688,302.2626647949219,292.9440612792969,261.9914245605469,372.2232666015625,101.34684753417969
2023-03-16,47.426456451416016,77.06018829345703,174.36888122558594,240.5,25.488706588745117,302.7060546875,300.666259765625,267.06719970703125,378.7539978027344,104.64508819580078
2023-03-17,47.49479293823242,76.04426574707031,170.2203369140625,237.8000030517578,25.672325134277344,293.95269775390625,299.2452697753906,258.2508850097656,374.32537841796875,103.78594970703125
2023-03-20,48.14888381958008,77.3894271850586,175.0510711669922,240.5,25.846965789794922,304.4702453613281,300.3072814941406,263.5728759765625,377.92474365234375,105.16846466064453
2023-03-21,48.461273193359375,79.00739288330078,176.23110961914062,246.67999267578125,26.145355224609375,314.4768981933594,304.5964050292969,268.1468200683594,382.88702392578125,105.03022003173828
2023-03-22,47.26049041748047,78.45240783691406,172.54351806640625,240.80999755859375,26.413806915283203,310.53399658203125,300.45452880859375,262.9099426269531,376.36016845703125,103.06509399414062
2023-03-23,48.0219612121582,78.17018127441406,172.3222198486328,244.47000122070312,27.135324478149414,308.8952331542969,304.0173034667969,263.6581115722656,377.37762451171875,106.26458740234375
2023-03-24,46.860225677490234,77.97265625,173.4653778076172,256.4200134277344,26.72416877746582,309.3289794921875,305.1361999511719,262.881591796875,379.8540344238281,105.0104751586914
2023-03-27,46.577110290527344,77.83155059814453,173.30870056152344,252.57000732421875,26.476675033569336,312.9826965332031,303.04559326171875,263.6392822265625,380.5643005371094,104.03285217285156
2023-03-28,46.264713287353516,78.7345962524414,173.244140625,249.49000549316406,26.35592269897461,315.95184326171875,301.4359436035156,263.9990234375,379.7099914550781,102.90709686279297
2023-03-29,46.78212356567383,79.90103912353516,174.30433654785156,250.75999450683594,26.928749084472656,322.150634765625,306.932373046875,269.4536437988281,385.2290344238281,106.04731750488281
2023-03-30,47.54359817504883,80.5124740600586,174.35044860839844,251.3000030517578,27.32693099975586,324.46429443359375,309.8375244140625,272.2851257324219,387.48468017578125,106.25469970703125
2023-03-31,48.3734130859375,81.97052764892578,176.19424438476562,255.47000122070312,27.720129013061523,324.0207824707031,314.9903564453125,277.8912353515625,392.94610595703125,106.16582489013672
2023-04-03,48.100067138671875,82.0645980834961,178.185546875,253.52999877929688,27.907739639282227,326.9707946777344,314.2248229980469,275.8457946777344,394.4434509277344,105.46470642089844
2023-04-04,47.19214630126953,80.1268081665039,176.0283203125,254.7100067138672,27.396787643432617,309.1072692871094,313.16485595703125,263.9800720214844,392.2550048828125,101.80109405517578
2023-04-05,46.66496658325195,78.16078186035156,174.63624572753906,257.989990234375,26.825960159301758,301.337158203125,310.0731506347656,258.6865539550781,391.2279968261719,99.96434020996094
2023-04-06,46.0694580078125,78.35833740234375,175.58578491210938,256.8999938964844,26.981639862060547,301.23114013671875,312.1636962890625,257.72052001953125,392.754150390625,99.1348648071289
2023-04-10,47.24095916748047,79.44012451171875,176.7104949951172,258.94000244140625,27.52252960205078,303.8339538574219,311.9870300292969,260.6372375488281,393.1572570800781,101.44560241699219
2023-04-11,47.39716720581055,79.43070983886719,177.1807098388672,262.7699890136719,27.113370895385742,306.54296875,309.9848327636719,263.75274658203125,393.26287841796875,101.00122833251953
2023-04-12,47.221435546875,78.67814636230469,178.1394500732422,261.7699890136719,26.44074821472168,312.8476867675781,307.2464294433594,266.21490478515625,391.659912109375,100.21122741699219
2023-04-13,47.99267578125,80.34315490722656,180.60093688964844,266.55999755859375,26.408815383911133,308.0564880371094,313.26300048828125,263.36456298828125,396.86224365234375,100.66548919677734
2023-04-14,47.914581298828125,81.23680114746094,181.20016479492188,267.0199890136719,26.703210830688477,307.63226318359375,312.67413330078125,262.59747314453125,395.8927917480469,99.4903564453125
2023-04-17,48.30508041381836,81.4437484741211,182.40786743164062,268.8900146484375,26.94670867919922,313.7057189941406,312.9391174316406,263.1088562011719,397.3133544921875,96.88335418701172
2023-04-18,48.217220306396484,82.09281158447266,181.55047607421875,269.2799987792969,27.610353469848633,313.021240234375,312.9586486816406,262.18084716796875,397.5724792480469,98.40412139892578
2023-04-19,47.524078369140625,81.24620819091797,182.36180114746094,298.57000732421875,27.873807907104492,311.7969055175781,312.81146240234375,259.7755126953125,397.50537109375,97.32772064208984
2023-04-20,47.250732421875,80.77586364746094,181.38455200195312,297.4100036621094,27.048500061035156,307.8443298339844,310.4264831542969,259.3114929199219,395.33612060546875,98.16709899902344
2023-04-21,47.46550750732422,80.5218734741211,180.76686096191406,300.2200012207031,27.0634708404541,309.261474609375,310.7503356933594,260.8456115722656,395.643310546875,96.76486206054688
2023-04-24,47.56312942504883,80.5124740600586,181.4121856689453,300.4599914550781,26.986631393432617,311.3437805175781,310.1025695800781,261.4421691894531,396.05596923828125,96.3797378540039
2023-04-25,46.186607360839844,79.5059585571289,180.65626525878906,294.9700012207031,26.187267303466797,305.7042236328125,304.2528381347656,260.3531799316406,389.76904296875,93.17035675048828
2023-04-26,45.90349197387695,77.58699798583984,175.99139404296875,294.9599914550781,26.90080451965332,300.44061279296875,306.09808349609375,256.2811279296875,388.1181335449219,92.16313171386719
2023-04-27,46.733314514160156,77.91622924804688,183.09930419921875,295.9200134277344,27.170249938964844,311.67156982421875,314.4211730957031,268.58245849609375,395.84478759765625,89.24014282226562
2023-04-28,46.55759048461914,78.3207015991211,184.23324584960938,301.2200012207031,27.692182540893555,313.19476318359375,316.59027099609375,268.383544921875,399.2234191894531,90.23750305175781
2023-05-01,47.13357162475586,78.40536499023438,184.82325744628906,303.0199890136719,28.850805282592773,315.59521484375,316.22705078125,267.6638488769531,398.8203125,91.14600372314453
2023-05-02,45.36655807495117,77.34239959716797,182.77664184570312,301.2200012207031,28.15223503112793,313.3297119140625,313.46905517578125,264.2263488769531,394.3378601074219,91.15587615966797
2023-05-03,46.22566604614258,78.84748077392578,182.5000457763672,305.05999755859375,27.745075225830078,311.594482421875,311.4177551269531,263.8570251464844,391.6311340332031,91.00775909423828
2023-05-04,49.29109191894531,77.83155059814453,180.8959503173828,303.2099914550781,27.505565643310547,310.6978759765625,310.3184814453125,264.39678955078125,388.8572692871094,88.8550033569336
2023-05-05,48.42222595214844,79.39306640625,182.92413330078125,304.8800048828125,28.62127685546875,321.3118896484375,316.91412353515625,268.3930358886719,396.05596923828125,91.47187805175781
2023-05-08,48.432003021240234,78.83805847167969,181.56893920898438,303.0899963378906,29.09130859375,322.7965393066406,317.6993103027344,266.1960144042969,396.16156005859375,90.2770004272461
2023-05-09,48.36365509033203,78.68756866455078,181.73486328125,301.54998779296875,28.512493133544922,326.91290283203125,315.68731689453125,263.0330810546875,394.4242858886719,89.16112518310547
2023-05-10,49.183712005615234,77.58699798583984,181.92849731445312,302.5899963378906,28.825857162475586,315.1228942871094,319.12255859375,255.76974487304688,396.26715087890625,89.82275390625
2023-05-11,48.93965148925781,77.60591125488281,179.76918029785156,303.4700012207031,28.51948356628418,314.3383483886719,320.16290283203125,256.1485900878906,395.5761413574219,90.04000091552734
2023-05-12,48.53937911987305,78.11708068847656,179.43556213378906,305.2699890136719,28.28196907043457,313.75732421875,319.0145568847656,258.5739440917969,395.0577697753906,89.79312896728516
2023-05-15,49.9647216796875,78.6850814819336,180.0749969482422,308.04998779296875,28.893714904785156,317.35015869140625,320.7419738769531,260.7425842285156,396.4206848144531,93.04198455810547
2023-05-16,49.39848709106445,76.8201904296875,177.57278442382812,306.6099853515625,29.15318489074707,311.3847351074219,321.10516357421875,256.7858581542969,393.7716064453125,92.2618637084961
2023-05-17,50.76524353027344,77.86149597167969,181.65972900390625,308.2200012207031,30.1162052154541,320.468505859375,324.9917907714844,261.20855712890625,398.55157470703125,93.73323822021484
2023-05-18,51.02919006347656,77.90884399414062,183.72633361816406,312.2300109863281,31.613140106201172,324.5648498535156,331.0279541015625,267.3719482421875,402.39093017578125,97.33761596679688
2023-05-19,51.81124496459961,78.08867645263672,182.89227294921875,313.6099853515625,31.199983596801758,322.3277587890625,330.2821044921875,267.5621337890625,401.805419921875,95.88597106933594
2023-05-22,51.55707931518555,77.35030364990234,182.5030517578125,313.6199951171875,31.11216163635254,323.5867919921875,331.39117431640625,268.66546630859375,401.9685363769531,96.58711242675781
2023-05-23,50.931427001953125,76.78233337402344,180.68663024902344,301.44000244140625,30.62516212463379,318.39605712890625,327.1903076171875,264.8514099121094,397.457275390625,94.46160125732422
2023-05-24,50.98031997680664,74.7375717163086,177.8044891357422,302.4800109863281,30.47547149658203,311.83990478515625,325.51202392578125,257.01409912109375,394.5778503417969,93.32470703125
2023-05-25,52.50531768798828,74.8038330078125,178.1844482421875,303.7699890136719,37.9022331237793,316.7982177734375,333.4326171875,260.0672302246094,397.9948425292969,96.16201782226562
2023-05-26,53.590423583984375,75.26769256591797,179.55601501464844,306.8999938964844,38.86625289916992,322.3665771484375,341.95196533203125,272.2417297363281,403.1491394042969,102.52864074707031
2023-05-30,54.58755111694336,74.20745849609375,180.2974090576172,307.07000732421875,40.028873443603516,319.8196105957031,343.5027770996094,272.77435302734375,403.302734375,101.54991912841797
2023-05-31,53.7272834777832,73.53533172607422,177.5635223388672,307.8399963378906,37.75653076171875,310.3194580078125,341.54962158203125,264.9846496582031,401.0663146972656,99.04874420166016
2023-06-01,54.38225555419922,75.1162338256836,179.657958984375,310.5400085449219,39.688568115234375,315.69415283203125,345.4952087402344,266.76318359375,404.8768005371094,101.92558288574219
2023-06-02,55.594444274902344,78.3916244506836,184.28237915039062,312.17999267578125,39.2464714050293,329.96868896484375,348.0863342285156,278.52862548828125,410.7318115234375,102.04422760009766
2023-06-05,54.30405044555664,77.8047103881836,182.73475646972656,317.489990234375,39.090797424316406,326.72442626953125,348.3316955566406,277.453857421875,409.9447937011719,100.36360168457031
2023-06-06,54.176963806152344,78.13603210449219,181.95628356933594,315.7200012207031,38.57484817504883,335.63385009765625,348.2728576660156,277.72021484375,410.8374328613281,101.89594268798828
2023-06-07,54.55821990966797,79.74531555175781,183.85606384277344,307.239990234375,37.40213394165039,347.6034851074219,342.3642272949219,284.4826965332031,409.41680908203125,103.0328369140625
2023-06-08,54.25517272949219,79.58440399169922,183.6336669921875,310.82000732421875,38.43511962890625,344.5917053222656,346.6141357421875,288.1160583496094,411.89324951171875,103.47771453857422
2023-06-09,54.05965042114258,79.70744323730469,183.39273071289062,312.760009765625,38.69461441040039,344.8822326660156,347.93914794921875,290.5699768066406,412.6322937011719,103.82372283935547
2023-06-12,55.08610534667969,79.58440399169922,183.95803833007812,313.6400146484375,39.405235290527344,347.2645568847656,353.8182373046875,294.6407470703125,416.3756408691406,108.2131576538086
2023-06-13,55.46735763549805,81.53450012207031,186.37684631347656,315.45001220703125,40.94224166870117,356.60009765625,356.53704833984375,300.0527038574219,419.1207580566406,110.12116241455078
2023-06-14,54.64619827270508,81.25995635986328,185.83006286621094,323.07000732421875,42.91340255737305,355.9415588378906,359.1282043457031,297.8175354003906,419.61993408203125,109.10289001464844
2023-06-15,55.23274612426758,83.3331069946289,188.80491638183594,328.2699890136719,42.570072174072266,362.22662353515625,363.40740966796875,303.8001403808594,424.8221740722656,108.83596801757812
2023-06-16,54.49955749511719,82.74618530273438,188.10055541992188,329.3599853515625,42.60899353027344,357.442626953125,361.1205139160156,300.3666076660156,423.3751220703125,109.794921875
2023-06-20,53.63930130004883,82.1498031616211,185.71884155273438,327.8299865722656,43.722816467285156,360.105712890625,360.60357666015625,299.9765930175781,421.1785888671875,107.45191955566406
2023-06-21,52.798587799072266,82.7840576171875,187.01626586914062,323.739990234375,42.96131134033203,362.4299621582031,355.6893615722656,305.0746765136719,419.0206298828125,105.67243194580078
2023-06-22,52.368465423583984,82.75566101074219,185.95054626464844,327.6199951171875,42.94133758544922,359.29229736328125,359.88604736328125,299.5867004394531,420.5331726074219,106.57206726074219
2023-06-23,52.15338897705078,82.05513000488281,185.4315643310547,327.260009765625,42.12693405151367,358.430419921875,356.31842041015625,297.9601745605469,417.3539123535156,103.96214294433594
2023-06-26,52.18272018432617,83.59817504882812,187.73915100097656,325.1600036621094,40.55299758911133,363.6114501953125,351.5418395996094,302.49713134765625,415.648681640625,104.78267669677734
2023-06-27,53.17007064819336,84.84773254394531,188.44346618652344,330.0199890136719,41.794578552246094,368.182373046875,357.5862731933594,306.8913269042969,420.2055969238281,109.03368377685547
2023-06-28,53.52198791503906,84.5826644897461,187.66502380371094,332.9800109863281,41.037052154541016,370.3710021972656,358.28411865234375,305.51214599609375,420.41754150390625,106.42377471923828
2023-06-29,54.28450012207031,84.45960998535156,191.3441619873047,338.489990234375,40.74262619018555,374.53515625,357.5666198730469,308.39410400390625,422.0745544433594,108.15381622314453
2023-06-30,54.763511657714844,85.56718444824219,192.29872131347656,341.94000244140625,42.21975326538086,377.7212829589844,363.080322265625,313.3495178222656,427.0553283691406,110.06185150146484
2023-07-03,54.743953704833984,85.91744995117188,193.0400848388672,336.0299987792969,42.330535888671875,378.66064453125,363.9354248046875,313.3685302734375,427.54669189453125,110.25958251953125
2023-07-05,53.81525802612305,84.63948059082031,191.30709838867188,333.8900146484375,42.23472595214844,370.7583923339844,363.925537109375,311.1048583984375,426.9107971191406,106.85875701904297
2023-07-06,53.17007064819336,83.53189849853516,189.06439208984375,330.1400146484375,42.021141052246094,366.99114990234375,361.1539611816406,308.63189697265625,423.56787109375,105.83060455322266
2023-07-07,53.01365661621094,84.19456481933594,188.36935424804688,331.2900085449219,42.420352935791016,372.0366516113281,359.95489501953125,309.4784240722656,422.49847412109375,105.12870025634766
2023-07-10,54.55821990966797,84.65840148925781,192.52110290527344,340.2699890136719,42.09798812866211,380.2391357421875,360.0728454589844,319.34161376953125,423.56787109375,108.1736068725586
2023-07-11,54.57777404785156,86.90196228027344,193.43856811523438,339.1099853515625,42.322547912597656,386.1077575683594,361.8517761230469,321.6148376464844,426.2653503417969,108.1736068725586
2023-07-12,55.6237678527832,87.20488739013672,193.24398803710938,347.5899963378906,43.81663513183594,384.548583984375,366.4219970703125,322.9559020996094,429.6950378417969,109.97286224365234
2023-07-13,56.29829406738281,87.39421081542969,193.42005920410156,346.9700012207031,45.88760757446289,386.0690002441406,372.6434020996094,325.7236328125,433.1054992675781,112.72120666503906
2023-07-14,55.79973220825195,87.17648315429688,191.038330078125,354.0,45.38059616088867,383.6867370605469,372.56475830078125,324.5538330078125,432.835693359375,111.80179595947266
2023-07-17,57.24653625488281,86.44756317138672,192.91961669921875,353.8399963378906,46.37065887451172,388.28668212890625,376.04400634765625,325.8377990722656,434.3386535644531,114.9258041381836
2023-07-18,57.608238220214844,86.90196228027344,190.21356201171875,354.92999267578125,47.40165328979492,395.65631103515625,379.12017822265625,329.9372253417969,437.5660095214844,115.81556701660156
2023-07-19,57.26609420776367,86.77890014648438,190.13941955566406,349.70001220703125,46.985469818115234,390.93048095703125,379.03179931640625,327.18841552734375,438.5390319824219,113.99652099609375
2023-07-20,54.95902633666992,86.9871597290039,192.72499084472656,347.6600036621094,45.431495666503906,390.08795166015625,370.2943420410156,325.81878662109375,435.6295471191406,110.99113464355469
2023-07-21,54.69507598876953,86.36238098144531,193.31814575195312,336.6600036621094,44.22285461425781,385.0909118652344,369.18377685546875,320.6065673828125,435.6295471191406,113.73948669433594
2023-07-24,53.355804443359375,87.31848907470703,193.9853515625,323.55999755859375,44.52525329589844,385.3039245605469,369.7735290527344,321.60528564453125,437.57568359375,113.82846069335938
2023-07-25,53.003875732421875,87.64981079101562,194.31898498535156,330.8999938964844,45.59018325805664,385.5170593261719,372.27972412109375,321.3770446777344,438.7702331542969,115.89466094970703
2023-07-26,53.1505126953125,87.46047973632812,193.0030517578125,329.3699951171875,45.363624572753906,381.32379150390625,371.0412902832031,317.6390686035156,438.8376770019531,113.33414459228516
2023-07-27,52.7790412902832,86.93982696533203,182.02113342285156,323.55999755859375,45.81075668334961,384.76165771484375,370.15673828125,314.16748046875,435.92822265625,109.35994720458984
2023-07-28,52.82791519165039,86.1162338256836,180.8905487060547,326.5299987792969,46.65910339355469,386.95025634765625,376.8990478515625,317.01129150390625,440.1960754394531,111.03067779541016
2023-07-31,53.3949089050293,86.4759750366211,179.90818786621094,324.3999938964844,46.63813781738281,397.060546875,377.0955810546875,319.855224609375,441.0342102050781,111.65352630615234
2023-08-01,50.81412887573242,86.74102020263672,179.3058319091797,323.95001220703125,46.416568756103516,401.0891418457031,376.2208557128906,295.7156066894531,439.772216796875,109.96298217773438
2023-08-02,49.87565612792969,90.06375122070312,178.76829528808594,313.8699951171875,44.182926177978516,393.0513000488281,367.9650573730469,289.4095764160156,433.6546325683594,106.57206726074219
2023-08-03,49.83655548095703,90.77373504638672,176.5533905029297,311.2799987792969,44.42844772338867,404.9725341796875,367.3753967285156,287.28851318359375,432.4118347167969,106.33478546142578
2023-08-04,48.26266098022461,90.4518814086914,175.34860229492188,309.30999755859375,44.5931282043457,401.0697937011719,365.65545654296875,284.2164306640625,430.4561462402344,106.1865005493164
2023-08-07,48.88829803466797,92.03277587890625,175.7100372314453,309.239990234375,45.328697204589844,411.5286865234375,368.7513732910156,295.28753662109375,434.21337890625,107.67931365966797
2023-08-08,47.65657043457031,91.35118865966797,173.9029083251953,302.8699951171875,44.57716369628906,411.6932678222656,365.6160888671875,290.6175231933594,432.3250732421875,105.05948638916016
2023-08-09,47.67612075805664,90.91573333740234,175.37640380859375,304.1000061035156,42.47126007080078,408.9237365722656,361.59625244140625,288.9530029296875,429.4349060058594,105.26709747314453
2023-08-10,48.35064697265625,90.90621948242188,175.87025451660156,304.6700134277344,42.30559158325195,399.7236328125,362.26458740234375,284.6348876953125,429.58905029296875,105.20777130126953
2023-08-11,47.74455261230469,91.12512969970703,177.6686553955078,304.489990234375,40.77556610107422,403.355224609375,359.95489501953125,282.8206481933594,429.338623046875,100.57119750976562
2023-08-14,47.900962829589844,91.27742004394531,176.5877685546875,305.0799865722656,43.66793441772461,400.75018310546875,363.9944152832031,285.6661376953125,431.7085266113281,103.54691314697266
2023-08-15,46.3955078125,90.86814880371094,174.99436950683594,306.6199951171875,43.85456466674805,395.8499755859375,360.1318054199219,284.23382568359375,426.67962646484375,100.70960235595703
2023-08-16,46.19998550415039,91.38211822509766,173.77369689941406,299.32000732421875,43.401451110839844,393.48712158203125,356.31842041015625,281.8370666503906,423.548583984375,100.0966796875
2023-08-17,45.455936431884766,91.11561584472656,173.2984619140625,290.0799865722656,43.25972366333008,386.4466552734375,352.4264221191406,278.3421630859375,420.32122802734375,99.47383880615234
2023-08-18,45.054534912109375,91.17272186279297,173.85755920410156,285.95001220703125,43.21480941772461,385.19744873046875,351.9841003417969,278.3899230957031,420.52349853515625,99.9088363647461
2023-08-21,45.495094299316406,90.4779052734375,174.2023468017578,286.6700134277344,46.87567901611328,384.91656494140625,357.6551208496094,279.6217041015625,423.259521484375,101.5697021484375
2023-08-22,46.13145446777344,91.4487533569336,173.32644653320312,287.1600036621094,45.57919692993164,385.52667236328125,357.1440124511719,279.4403076171875,422.113037109375,101.57957458496094
2023-08-23,46.728660583496094,91.97222900390625,174.3234405517578,290.3900146484375,47.02439498901367,391.3855895996094,362.775634765625,284.1192932128906,426.8144836425781,104.12030792236328
2023-08-24,45.78880310058594,91.13465118408203,172.5343780517578,285.6400146484375,47.07129669189453,385.7493591308594,355.0210876464844,285.0072937011719,420.8992614746094,100.9468765258789
2023-08-25,45.9454460144043,92.93354797363281,173.5966796875,297.54998779296875,45.928524017333984,391.9315185546875,357.77301025390625,289.6290283203125,423.86651611328125,102.59784698486328
2023-08-28,46.44474411010742,93.39041137695312,175.06890869140625,301.4800109863281,46.74393844604492,397.11248779296875,360.4659729003906,295.1100769042969,426.5543518066406,103.37885284423828
2023-08-29,46.83635711669922,93.89485168457031,176.5970916748047,310.3900146484375,48.689144134521484,404.8497619628906,368.3385009765625,302.94024658203125,432.72015380859375,106.14697265625
2023-08-30,46.85593032836914,93.5522232055664,175.7025604248047,318.5799865722656,49.168212890625,407.1145324707031,370.39263916015625,295.6065979003906,434.5023498535156,106.14697265625
2023-08-31,46.09229278564453,93.51412200927734,175.12486267089844,312.67999267578125,49.2590446472168,405.23858642578125,371.5032043457031,298.0034484863281,433.8665466308594,106.7506332397461
2023-09-01,46.48390197753906,94.1518325805664,175.5441436767578,310.4100036621094,48.41468048095703,410.64312744140625,371.1101379394531,299.8845520019531,434.67584228515625,107.33450317382812
2023-09-05,44.516075134277344,93.1619644165039,173.03756713867188,307.67999267578125,48.45360565185547,400.1548767089844,371.58184814453125,293.34356689453125,432.79718017578125,105.51361083984375
2023-09-06,44.604190826416016,93.91387939453125,171.9287109375,307.8399963378906,46.97336196899414,400.33953857421875,368.3089599609375,296.47564697265625,429.88775634765625,104.48440551757812
2023-09-07,43.06711959838867,94.60870361328125,171.56529235839844,297.2200012207031,46.15488815307617,397.6664733886719,365.6750183105469,290.7080383300781,428.56787109375,98.65552520751953
2023-09-08,42.655941009521484,94.1803970336914,171.93801879882812,298.2200012207031,45.48714065551758,397.7540283203125,366.18609619140625,283.4699401855469,429.21337890625,98.66539764404297
2023-09-11,42.32307052612305,95.29400634765625,173.51278686523438,302.3500061035156,45.09387969970703,394.8087158203125,370.50079345703125,280.6339416503906,432.0361328125,97.87371826171875
2023-09-12,41.66712188720703,95.1036376953125,176.3082275390625,301.54998779296875,44.78644561767578,394.0408630371094,366.39251708984375,276.04083251953125,429.6661682128906,96.8148193359375
2023-09-13,42.27412033081055,92.97162628173828,178.5259246826172,302.70001220703125,45.40030288696289,379.12017822265625,367.7881164550781,272.5937194824219,430.1671142578125,96.64657592773438
2023-09-14,42.70487976074219,93.8472671508789,180.36160278320312,303.739990234375,45.496131896972656,384.1261291503906,370.79559326171875,274.1310729980469,433.8761901855469,96.94346618652344
2023-09-15,42.85173797607422,94.0947494506836,179.87709045410156,295.5400085449219,43.81825256347656,381.1517639160156,364.446533203125,272.3359069824219,428.6487121582031,94.49909210205078
2023-09-18,43.55663299560547,94.80858612060547,181.20025634765625,298.1700134277344,43.884132385253906,384.7871398925781,364.826416015625,275.7066650390625,428.90008544921875,95.75591278076172
2023-09-19,43.037750244140625,94.05665588378906,182.02955627441406,299.6499938964844,43.43895721435547,380.7532043457031,364.0487976074219,274.7804260253906,428.0105895996094,96.77523040771484
2023-09-20,42.30348587036133,93.28570556640625,181.18161010742188,291.9599914550781,42.16034698486328,379.5382080078125,358.802734375,272.3072509765625,424.0758056640625,94.99391174316406
2023-09-21,41.676918029785156,91.83897399902344,178.3768310546875,284.3500061035156,40.94062423706055,370.9356994628906,352.2278747558594,266.3582458496094,417.0665283203125,94.61785888671875
2023-09-22,41.52027130126953,92.41957092285156,176.83938598632812,288.20001220703125,41.53252029418945,376.466552734375,352.2770690917969,268.6690368652344,416.1287536621094,94.4100341796875
2023-09-25,41.80418395996094,93.3713607788086,178.7775421142578,293.25,42.14337921142578,380.5588073730469,353.95025634765625,271.5910339355469,417.8785705566406,95.43924713134766
2023-09-26,40.98181915283203,90.99188232421875,175.07827758789062,290.739990234375,41.83295822143555,373.1519470214844,348.63531494140625,266.4632568359375,411.7394714355469,94.8355712890625
2023-09-27,41.060123443603516,92.1911392211914,175.06890869140625,291.42999267578125,42.388919830322266,380.16998291015625,349.4522399902344,271.9538879394531,411.90374755859375,95.47883605957031
2023-09-28,41.45174026489258,92.33391571044922,174.35142517089844,296.1499938964844,43.008766174316406,381.4530334472656,352.3754577636719,273.49127197265625,414.291748046875,98.64562225341797
2023-09-29,41.54962921142578,91.91511535644531,172.14303588867188,292.2900085449219,43.417999267578125,378.6244812011719,352.63140869140625,272.97564697265625,413.28631591796875,99.41751861572266
2023-10-02,41.34404754638672,91.09657287597656,170.15826416015625,294.9800109863281,44.6986083984375,374.46417236328125,355.5743713378906,271.1422424316406,413.1219482421875,99.62533569335938
2023-10-03,40.38460922241211,90.27802276611328,168.78851318359375,288.0400085449219,43.43595886230469,371.2662353515625,349.3340759277344,271.49554443359375,407.59185791015625,97.53723907470703
2023-10-04,41.02097702026367,90.0971908569336,170.05575561523438,290.2799987792969,43.958984375,373.8323669433594,354.088134765625,275.7734680175781,410.5599060058594,99.2294921875
2023-10-05,41.089500427246094,89.0787582397461,167.74488830566406,290.0899963378906,44.60478591918945,372.9478454589844,353.0448303222656,273.2525634765625,410.4052734375,98.507080078125
2023-10-06,41.26573181152344,90.45887756347656,172.0684814453125,295.67999267578125,45.676780700683594,380.762939453125,358.96026611328125,277.21533203125,415.2779235839844,99.62533569335938
2023-10-09,40.51189041137695,91.24887084960938,173.80165100097656,294.489990234375,45.188697814941406,384.3497314453125,360.7909240722656,277.3681640625,417.9366149902344,98.02217102050781
2023-10-10,40.63914489746094,91.72476196289062,173.63394165039062,297.8299865722656,45.71271514892578,386.14801025390625,362.7889709472656,278.5426940917969,420.1119079589844,98.5565414428711
2023-10-11,40.07131576538086,92.41004180908203,174.6216583251953,281.7900085449219,46.718841552734375,395.8974304199219,365.3775939941406,286.3919982910156,421.83282470703125,98.52687072753906
2023-10-12,38.55384063720703,91.4201889038086,171.3975830078125,266.1199951171875,46.85758972167969,395.4891662597656,364.10791015625,286.4969177246094,419.2611083984375,98.35862731933594
2023-10-13,37.45732879638672,90.1923828125,171.04347229003906,273.1499938964844,45.376346588134766,381.9390869140625,359.5310974121094,275.31512451171875,417.1728515625,94.60796356201172
2023-10-16,38.56363296508789,91.70571899414062,173.53143310546875,274.1600036621094,46.0091667175293,385.885498046875,363.59613037109375,278.61907958984375,421.5621337890625,95.99341583251953
2023-10-17,37.77062225341797,91.34405517578125,173.6153106689453,275.3699951171875,43.85618209838867,391.5621643066406,362.40509033203125,277.4444885253906,421.5427551269531,95.51841735839844
2023-10-18,36.253143310546875,89.1834487915039,170.9596405029297,275.5199890136719,42.117427825927734,368.3793029785156,357.6511535644531,263.1402282714844,415.9256286621094,93.10372924804688
2023-10-19,36.01818084716797,88.65046691894531,169.84146118164062,273.45001220703125,42.02260971069336,364.4911804199219,354.3046569824219,259.27288818359375,412.2711486816406,91.77764129638672
2023-10-20,35.734256744384766,87.06095123291016,168.95623779296875,266.9100036621094,41.3099365234375,362.4888000488281,349.0191650390625,254.05917358398438,407.2051696777344,90.78800201416016
2023-10-23,35.528663635253906,85.81410217285156,168.21078491210938,272.5899963378906,42.89497756958008,356.6080017089844,350.0723571777344,254.81356811523438,406.4993896484375,89.97651672363281
2023-10-24,35.058738708496094,86.36613464355469,169.086669921875,277.3900146484375,43.581695556640625,362.8387145996094,353.4778137207031,253.86819458007812,409.56414794921875,90.65934753417969
2023-10-25,34.255943298339844,84.54820251464844,165.94647216796875,266.6099853515625,41.701202392578125,357.2398376464844,344.8262023925781,251.4427947998047,403.6860046386719,86.99775695800781
2023-10-26,33.932857513427734,84.32929992675781,164.0548858642578,259.510009765625,40.25090789794922,359.6116027832031,338.2513732910156,250.75526428222656,398.8520202636719,84.23672485351562
2023-10-27,33.91327667236328,83.78675842285156,164.93080139160156,258.9800109863281,40.42458724975586,355.99566650390625,339.87542724609375,250.18234252929688,397.0440673828125,82.96998596191406
2023-10-30,34.20698547363281,84.18651580810547,167.4932861328125,258.489990234375,41.0843505859375,359.2130126953125,343.7041931152344,251.5764923095703,401.791015625,82.59393310546875
2023-10-31,35.23495864868164,84.68144989013672,170.76394653320312,262.2200012207031,40.70406723022461,358.5909423828125,345.34783935546875,250.95579528808594,404.314453125,82.40589904785156
2023-11-01,34.04054641723633,85.29059600830078,171.4441680908203,270.4599914550781,42.246192932128906,360.1073303222656,351.342041015625,254.937744140625,408.6263732910156,81.90119934082031
2023-11-02,34.49090576171875,86.76589965820312,173.7177734375,277.8900146484375,43.424983978271484,393.2632141113281,357.7200622558594,246.9357147216797,416.45745849609375,85.00861358642578
2023-11-03,35.49929428100586,87.53683471679688,176.10321044921875,278.5199890136719,44.92119598388672,389.968017578125,361.9228210449219,251.8056640625,420.2569885253906,86.78992462158203
2023-11-06,35.23495864868164,87.31792449951172,174.71482849121094,277.260009765625,45.66580581665039,394.7796325683594,363.3992004394531,246.8402099609375,421.22369384765625,86.70086669921875
2023-11-07,35.92027282714844,80.845703125,173.88551330566406,278.69000244140625,45.86943435668945,395.69329833984375,366.8343200683594,245.4269256591797,422.42254638671875,86.12686920166016
2023-11-08,35.783199310302734,80.66487121582031,172.03125,277.92999267578125,46.487281799316406,399.17315673828125,367.07049560546875,245.52243041992188,422.73193359375,85.4836196899414
2023-11-09,34.80418395996094,81.09317016601562,172.16241455078125,272.3999938964844,46.86257553100586,401.27276611328125,364.2457275390625,245.5128631591797,419.4350891113281,84.04867553710938
2023-11-10,35.61677551269531,82.33051300048828,175.00244140625,277.489990234375,48.2449951171875,409.1842956542969,372.4347839355469,247.97894287109375,425.9803771972656,87.20557403564453
2023-11-13,34.60838317871094,82.42569732666016,174.81497192382812,282.4800109863281,48.52946090698242,409.1647033691406,371.2733154296875,250.79042053222656,425.5743408203125,85.72113800048828
2023-11-14,35.98879623413086,84.28170013427734,178.3110809326172,291.6199951171875,49.56352996826172,417.4859619140625,379.2655334472656,256.73016357421875,433.8307189941406,89.7093276977539
2023-11-15,36.58600616455078,84.11038208007812,177.6643524169922,293.2200012207031,48.796966552734375,418.57855224609375,379.5509948730469,259.2442626953125,434.7491760253906,90.4218521118164
2023-11-16,35.874786376953125,83.78003692626953,178.75161743164062,303.95001220703125,49.38786697387695,416.0031433105469,379.8757629394531,261.7486267089844,435.2809753417969,89.79839324951172
2023-11-17,36.237754821777344,85.47480773925781,179.2202911376953,305.2799987792969,49.206207275390625,422.05145263671875,379.9643249511719,264.1282958984375,435.82232666015625,91.1343765258789
2023-11-20,36.53205490112305,85.01519775390625,179.77325439453125,311.3399963378906,50.31513214111328,420.9685974121094,384.5904235839844,260.1557922363281,439.1771240234375,92.11410522460938
2023-11-21,36.267189025878906,84.83328247070312,179.24838256835938,311.82000732421875,49.85099792480469,422.3246154785156,382.3561096191406,258.4957275390625,438.2200012207031,90.80780029296875
2023-11-22,36.12003707885742,85.06307983398438,180.2512969970703,315.79998779296875,48.625282287597656,420.6759338378906,383.9210205078125,261.7677917480469,439.9118957519531,91.48074340820312
2023-11-24,36.335853576660156,84.74710083007812,181.2823486328125,318.010009765625,47.687034606933594,423.0562744140625,383.3797302246094,261.959716796875,440.1825866699219,91.63927459716797
2023-11-27,36.041561126708984,84.24920654296875,180.86990356445312,314.9800109863281,48.15217208862305,421.3489990234375,383.04510498046875,260.09820556640625,439.38983154296875,91.08443450927734
2023-11-28,36.12003707885742,84.16304779052734,182.08837890625,310.95001220703125,47.73196029663086,416.0909729003906,384.049072265625,258.36138916015625,439.8248596191406,90.40077209472656
2023-11-29,36.89501953125,84.55560302734375,182.0790252685547,310.760009765625,48.05036163330078,417.5835266113281,383.67498779296875,259.618408203125,439.5155029296875,91.90679931640625
2023-11-30,36.983306884765625,85.12052917480469,183.6349334716797,310.8399963378906,46.68291473388672,422.5782165527344,382.7103576660156,264.3011169433594,441.2460632324219,91.38166046142578
2023-12-01,37.66999435424805,86.28865814208984,185.37826538085938,315.20001220703125,46.67792510986328,429.3874206542969,383.8029479980469,270.087158203125,443.8564453125,92.99667358398438
2023-12-04,37.55228042602539,85.1301040649414,185.9219207763672,311.8399963378906,45.425254821777344,427.4265441894531,380.23992919921875,268.1968994140625,441.5264587402344,92.30310821533203
2023-12-05,37.238365173339844,84.59391021728516,184.60032653808594,309.5199890136719,46.48337936401367,424.18780517578125,381.1947021484375,263.87884521484375,441.4394226074219,90.40077209472656
2023-12-06,37.79752731323242,83.97152709960938,185.38768005371094,310.260009765625,45.42226028442383,423.6903076171875,378.9898681640625,266.86309814453125,439.6605224609375,90.38095092773438
2023-12-07,37.31684494018555,84.94818115234375,185.38768005371094,311.55999755859375,46.51332473754883,423.15374755859375,384.2852783203125,266.65203857421875,443.0152893066406,91.75817108154297
2023-12-08,37.34626770019531,85.7428970336914,182.40704345703125,310.4200134277344,47.42170715332031,427.89483642578125,385.9978332519531,267.2660827636719,444.9199523925781,91.44110107421875
2023-12-11,37.30703353881836,85.90565490722656,187.8246307373047,315.42999267578125,46.54426574707031,427.4948425292969,389.2950744628906,268.4751281738281,446.6504821777344,95.84028625488281
2023-12-12,37.17951202392578,86.59505462646484,188.87442016601562,320.7099914550781,47.572444915771484,430.04095458984375,392.3955993652344,272.2174377441406,448.6903991699219,95.453857421875
2023-12-13,38.12125778198242,88.30895233154297,190.34597778320312,328.9599914550781,48.002681732177734,430.733642578125,397.3857727050781,279.2030029296875,454.87786865234375,97.25711059570312
2023-12-14,41.682247161865234,92.43571472167969,190.6552734375,326.17999267578125,48.26420974731445,444.26416015625,397.0412292480469,294.4407958984375,456.3377685546875,104.42062377929688
2023-12-15,41.04460144042969,91.58354949951172,190.64588928222656,324.3500061035156,48.80325698852539,442.4984436035156,398.9605712890625,292.0611267089844,455.58642578125,104.19273376464844
2023-12-18,40.642398834228516,91.96656036376953,192.2393035888672,328.4200134277344,49.98814010620117,442.3911437988281,401.4735107421875,292.9534912109375,458.149169921875,104.31161499023438
2023-12-19,41.44681167602539,91.66972351074219,191.77064514160156,335.7200012207031,49.51598358154297,448.9954528808594,403.5248718261719,297.92401123046875,460.9350891113281,104.90611267089844
2023-12-20,40.093040466308594,90.63565826416016,190.17726135253906,325.42999267578125,48.025634765625,438.4207763671875,397.52862548828125,291.2838439941406,454.54779052734375,102.656982421875
2023-12-21,41.1427001953125,91.64099884033203,192.19241333007812,333.45001220703125,48.903076171875,444.7421569824219,402.1540222167969,294.3448791503906,458.85772705078125,105.60958099365234
2023-12-22,41.42719268798828,92.3399887084961,192.74542236328125,336.260009765625,48.74336242675781,446.9761047363281,402.755615234375,295.3332214355469,459.7799377441406,106.6400146484375
2023-12-26,41.809776306152344,93.37405395507812,194.99496459960938,337.3900146484375,49.191558837890625,450.16607666015625,405.22125244140625,298.4613952636719,461.7213134765625,109.33499145507812
2023-12-27,41.593963623046875,93.4506607055664,195.9134979248047,337.4700012207031,49.329315185546875,450.9367370605469,406.0461120605469,298.6340637207031,462.55615234375,109.7313232421875
2023-12-28,41.75091552734375,92.96232604980469,196.05409240722656,338.3900146484375,49.43413543701172,450.65386962890625,405.8487243652344,298.0583801269531,462.73089599609375,109.42416381835938
2023-12-29,40.946510314941406,93.19213104248047,196.5602569580078,337.3599853515625,49.43413543701172,449.4247131347656,404.0923156738281,297.92401123046875,461.3913269042969,107.5218276977539
2024-01-02,39.5731201171875,91.80377197265625,195.89479064941406,330.9800109863281,48.08252716064453,447.38580322265625,397.2541809082031,293.9898986816406,458.8092041015625,103.80630493164062
2024-01-03,38.27821350097656,90.65480041503906,191.70504760742188,322.1300048828125,47.484596252441406,439.64990234375,393.0506286621094,291.5717468261719,455.0622863769531,100.81409454345703
2024-01-04,37.47380447387695,91.05694580078125,192.05186462402344,323.2699890136719,47.91283416748047,440.99615478515625,391.0278015136719,292.3490295410156,453.5964660644531,100.64566802978516
2024-01-05,37.130455017089844,91.41120910644531,190.76776123046875,322.5,49.009883880615234,442.44964599609375,391.4915771484375,292.713623046875,454.2176818847656,101.82471466064453
2024-01-08,37.73866653442383,91.69845581054688,189.9522705078125,328.8599853515625,52.16028594970703,447.4638671875,399.5829162597656,293.6827697753906,460.7020568847656,104.91600799560547
2024-01-09,38.11144256591797,90.59733581542969,188.9868927001953,330.55999755859375,53.045711517333984,446.26397705078125,400.372314453125,290.7177734375,460.0032653808594,104.27198791503906
2024-01-10,38.47441482543945,90.740966796875,189.7086181640625,364.45001220703125,54.25356674194336,449.50274658203125,403.0858459472656,289.8541564941406,462.6047668457031,103.91529846191406
2024-01-11,38.34688186645508,90.76970672607422,189.0243682861328,362.30999755859375,54.72472381591797,451.31719970703125,403.92462158203125,292.7615966796875,462.4009094238281,104.13328552246094
2024-01-12,37.35608673095703,90.83671569824219,188.49009704589844,363.7099914550781,54.61292266845703,449.0539245605469,404.1318054199219,292.272216796875,462.72119140625,103.845947265625
2024-01-16,37.29722595214844,89.29515838623047,185.36892700195312,362.3299865722656,56.28195571899414,449.4734802246094,404.0923156738281,286.3133850097656,461.0224304199219,103.13257598876953
2024-01-17,36.512428283691406,88.4908676147461,185.53761291503906,358.8800048828125,55.953548431396484,444.88848876953125,401.81292724609375,283.4347229003906,458.45977783203125,101.91388702392578
2024-01-18,37.40513610839844,89.69731903076172,187.58094787597656,371.92999267578125,57.00567626953125,454.3022766113281,407.5163269042969,288.01177978515625,462.5367431640625,105.04481506347656
2024-01-19,36.92444610595703,90.87501525878906,188.19017028808594,374.82000732421875,59.385440826416016,458.8580017089844,415.5978088378906,291.17828369140625,468.3028259277344,107.71998596191406
2024-01-22,37.51304244995117,92.05271911621094,188.43386840820312,375.80999755859375,59.548152923583984,461.9309387207031,416.14056396484375,293.2797546386719,469.2929382324219,109.07738494873047
2024-01-23,37.9544792175293,91.7080307006836,190.21473693847656,371.4100036621094,59.76676559448242,457.6191101074219,417.8673095703125,291.9651184082031,470.66168212890625,110.216796875
2024-01-24,37.35608673095703,90.37712860107422,187.3372344970703,370.07000732421875,61.253116607666016,453.5023193359375,420.1861572265625,288.2037048339844,471.1761779785156,109.65205383300781
2024-01-25,37.110836029052734,92.14847564697266,189.8585968017578,374.9700012207031,61.50767135620117,460.2530212402344,420.6992492675781,291.936279296875,473.73883056640625,108.93867492675781
2024-01-26,37.051971435546875,91.01863861083984,189.1461944580078,374.760009765625,60.922706604003906,460.0482177734375,418.1929016113281,290.74652099609375,473.1369934082031,104.4899673461914
2024-01-29,37.248172760009766,90.97076416015625,190.3178253173828,379.1600036621094,62.35417175292969,464.8379211425781,422.47540283203125,292.3009948730469,476.88397216796875,105.09436798095703
2024-01-30,36.62034225463867,90.7218246459961,192.9891357421875,377.2900085449219,62.66261672973633,466.1646728515625,419.6631774902344,294.79583740234375,476.5150451660156,103.62796020507812
2024-01-31,35.45296859741211,87.83021545410156,189.57737731933594,378.2200012207031,61.41782760620117,453.13165283203125,411.443603515625,243.03721618652344,468.7396545410156,95.70155334472656
2024-02-01,35.88460159301758,89.77391052246094,184.93777465820312,383.8299865722656,62.91516876220703,487.93841552734375,416.28851318359375,252.3737335205078,474.8745422363281,94.26490020751953
2024-02-02,36.09061050415039,89.98455047607422,183.81301879882812,383.7699890136719,66.04261016845703,497.8692321777344,423.3240051269531,257.1715087890625,479.873779296875,95.48358154296875
2024-02-05,34.63874435424805,89.42920684814453,180.90737915039062,383.94000244140625,69.208984375,496.4157409667969,422.7714538574219,255.54981994628906,478.12646484375,95.36468505859375
2024-02-06,34.68778610229492,90.25264739990234,181.4978790283203,389.69000244140625,68.10194396972656,499.0301513671875,421.9228820800781,249.46627807617188,479.5146484375,96.85089111328125
2024-02-07,35.02132034301758,99.66473388671875,181.9290313720703,391.3800048828125,69.97461700439453,501.6347961425781,426.2645568847656,258.1406555175781,483.5140075683594,96.61310577392578
2024-02-08,35.3548583984375,98.02742767333984,181.32919311523438,386.94000244140625,69.5174331665039,504.3447570800781,427.053955078125,267.4388427734375,483.7275085449219,97.56425476074219
2024-02-09,36.06117630004883,98.81256103515625,182.6226806640625,388.2200012207031,72.00501251220703,510.0877380371094,431.2574768066406,272.0351257324219,486.52313232421875,101.36894989013672
2024-02-12,36.16908645629883,99.84667205810547,184.97525024414062,382.1300048828125,72.11981201171875,506.9765930175781,429.5700988769531,269.3387756347656,486.30963134765625,101.96342468261719
2024-02-13,34.64855194091797,100.22966766357422,181.8446807861328,378.8900146484375,72.00003051757812,500.5488586425781,422.8701477050781,267.1222229003906,479.61163330078125,98.0002212524414
2024-02-14,35.4627799987793,101.72332763671875,182.6507568359375,381.760009765625,73.76889038085938,510.60614013671875,427.4782409667969,268.60943603515625,483.97021484375,100.63574981689453
2024-02-15,37.77790832519531,101.7185287475586,185.53761291503906,380.1700134277344,72.52908325195312,510.567138671875,428.7511291503906,270.0008850097656,487.3094177246094,101.73685455322266
2024-02-16,37.40513610839844,102.14191436767578,184.8065185546875,378.6300048828125,72.48416137695312,508.7962646484375,424.86334228515625,269.60565185546875,484.8826904296875,101.4194107055664
2024-02-20,38.69022750854492,100.84288787841797,186.465576171875,377.6400146484375,69.32876586914062,508.27783203125,421.65643310546875,262.76239013671875,482.2132263183594,99.36602020263672
2024-02-21,38.84719467163086,100.99683380126953,187.01858520507812,380.2300109863281,67.352294921875,512.3672485351562,419.9690246582031,264.6997375488281,482.6500549316406,98.78076171875
2024-02-22,40.053810119628906,101.31438446044922,188.2183074951172,389.0799865722656,78.3986587524414,518.52099609375,432.2639465332031,268.5454406738281,492.638671875,101.6574935913086
2024-02-23,38.807945251464844,101.91097259521484,188.049560546875,389.7699890136719,78.6771469116211,519.5676879882812,430.99102783203125,270.3671569824219,492.97845458984375,99.33627319335938
2024-02-26,37.96429443359375,102.1803970336914,186.6999053955078,388.2699890136719,78.95166778564453,519.3133544921875,430.7641296386719,267.7646789550781,491.1728820800781,101.33013916015625
2024-02-27,37.91524887084961,102.12267303466797,185.7532196044922,386.4599914550781,78.56136322021484,519.9786987304688,431.8001403808594,270.8104553222656,492.08538818359375,99.46522521972656
2024-02-28,37.50734329223633,101.57418823242188,185.18145751953125,386.5899963378906,77.52518463134766,519.5971069335938,429.50103759765625,276.05377197265625,491.4350280761719,99.54457092285156
2024-02-29,38.7752799987793,102.81546783447266,187.29254150390625,385.6000061035156,78.97164154052734,523.8528442382812,433.18157958984375,274.7718505859375,493.2016906738281,102.75857543945312
2024-03-01,39.14878463745117,104.0567626953125,187.2360076904297,397.8999938964844,82.13301849365234,526.1519775390625,439.7039794921875,278.59832763671875,497.83203125,105.03019714355469
2024-03-04,39.05049133300781,105.37503051757812,187.773193359375,400.5899963378906,85.08576202392578,523.9116821289062,438.13507080078125,277.7501220703125,497.2981262207031,104.98060607910156
2024-03-05,39.32570266723633,104.90354919433594,185.991943359375,387.32000732421875,85.81549835205078,516.5643310546875,430.27069091796875,277.27777099609375,492.32806396484375,102.92720794677734
2024-03-06,40.288944244384766,105.65409088134766,188.96067810058594,388.1600036621094,88.54676818847656,519.7243041992188,432.97442626953125,280.6512756347656,494.8227844238281,105.89321899414062
2024-03-07,40.22013473510742,106.11597442626953,190.9492645263672,392.67999267578125,92.5089111328125,527.795654296875,439.546142578125,283.5043029785156,499.7345886230469,109.10721588134766
2024-03-08,40.23979568481445,105.99089050292969,189.1962890625,391.8500061035156,87.37678527832031,525.7117919921875,433.2013244628906,283.9379577636719,496.735107421875,105.26828002929688
2024-03-11,40.190650939941406,105.50975036621094,188.7627716064453,378.8999938964844,85.62581634521484,524.43017578125,431.5929260253906,274.49237060546875,496.3079833984375,105.49642181396484
2024-03-12,40.59363555908203,106.42388153076172,187.6695098876953,389.3999938964844,91.75421142578125,526.6217041015625,437.7798767089844,273.615234375,501.64703369140625,107.33157348632812
2024-03-13,40.170997619628906,106.1833267211914,188.2349853515625,382.989990234375,90.73099517822266,527.8739624023438,434.4150695800781,274.0971984863281,500.8607177734375,104.60364532470703
2024-03-14,39.97441101074219,106.2410659790039,185.0495147705078,384.30999755859375,87.79207611083984,524.6355590820312,433.31982421875,269.8755187988281,499.87060546875,103.01648712158203
2024-03-15,40.023563385009766,106.41426849365234,186.31240844726562,396.2799987792969,87.68526458740234,523.823486328125,428.1689453125,270.7237548828125,496.43817138671875,102.23281860351562
2024-03-18,39.42399215698242,106.86650848388672,185.4359130859375,392.6199951171875,88.30220031738281,524.6454467773438,432.2525634765625,268.1117248535156,499.3885498046875,102.034423828125
2024-03-19,40.465858459472656,107.08782958984375,187.58468627929688,390.5299987792969,89.24357604980469,527.1695556640625,433.32952880859375,268.1309814453125,502.16363525390625,102.64945983886719
2024-03-20,40.456031799316406,107.79026794433594,189.60154724121094,390.3699951171875,90.21587371826172,534.62451171875,438.4674377441406,271.5911865234375,506.808349609375,106.25032043457031
2024-03-21,41.212860107421875,108.3483657836914,189.7900390625,391.9599914550781,91.27704620361328,548.4973754882812,440.5423278808594,279.6007080078125,508.483154296875,110.55548858642578
2024-03-22,41.13423156738281,108.20402526855469,189.17742919921875,394.07000732421875,94.12611389160156,542.8718872070312,441.0462646484375,276.02484130859375,507.5191650390625,109.86112213134766
2024-03-25,40.92782974243164,107.51121520996094,187.05694580078125,391.7099914550781,94.83787536621094,538.6063232421875,439.4455871582031,272.24658203125,506.1170959472656,108.02595520019531
2024-03-26,40.63295364379883,107.72290802001953,189.43190002441406,397.6300048828125,92.4011001586914,537.2659912109375,438.02276611328125,274.1645812988281,505.1822509765625,107.27205657958984
2024-03-27,41.753456115722656,109.16626739501953,193.32420349121094,400.1000061035156,90.09410095214844,545.9634399414062,439.51470947265625,280.68017578125,509.427734375,110.64476776123047
2024-03-28,41.694480895996094,109.13739776611328,193.43731689453125,399.0899963378906,90.19992065429688,543.7523803710938,438.7045593261719,280.7958679199219,509.330322265625,111.9244155883789
2024-04-01,41.035945892333984,109.25286865234375,190.38375854492188,394.8699951171875,90.20690155029297,539.075927734375,439.6333312988281,273.1236877441406,508.4441833496094,112.04345703125
2024-04-02,40.09236145019531,108.9930648803711,188.7062225341797,382.3599853515625,89.29747009277344,535.5833129882812,435.83917236328125,270.0972595214844,505.2115478515625,109.25599670410156
2024-04-03,40.11201858520508,109.25286865234375,186.57626342773438,383.4200134277344,88.81031799316406,546.4722290039062,436.8173522949219,269.7599182128906,505.7664489746094,107.97635650634766
2024-04-04,39.41415786743164,108.7717514038086,184.7667999267578,378.9200134277344,85.75658416748047,543.615478515625,430.1381530761719,266.3382263183594,499.59307861328125,105.09962463378906
2024-04-05,39.72869110107422,110.21511840820312,185.803466796875,388.3900146484375,87.85597229003906,554.3966064453125,435.2068176269531,269.14300537109375,504.8121643066406,106.4090347290039
2024-04-08,40.27911376953125,110.3402099609375,186.37835693359375,386.92999267578125,86.98246765136719,553.6727905273438,435.3352966308594,271.8514404296875,505.0945129394531,106.95462036132812
2024-04-09,41.468414306640625,109.93606567382812,186.99099731445312,390.9599914550781,85.20655059814453,549.1919555664062,436.94580078125,276.45855712890625,505.6788330078125,110.2975845336914
2024-04-10,40.436378479003906,109.7724838256836,184.38980102539062,388.4599914550781,86.88864135742188,543.3416137695312,433.1319885253906,271.861083984375,500.615478515625,105.54602813720703
2024-04-11,40.59363555908203,109.2336196899414,185.53961181640625,392.260009765625,90.45945739746094,543.7523803710938,440.04827880859375,278.0874328613281,504.3935241699219,108.58146667480469
2024-04-12,39.56159591674805,108.39647674560547,184.87045288085938,384.79998779296875,88.03366088867188,538.4009399414062,433.03314208984375,274.521240234375,497.4313659667969,105.0202865600586
2024-04-15,39.27655792236328,107.54008483886719,182.87246704101562,377.3599853515625,85.85243225097656,531.601318359375,425.9092712402344,275.5622253417969,491.1994934082031,103.58190155029297
2024-04-16,38.9423713684082,107.28028106689453,179.74351501464844,378.54998779296875,87.26398468017578,532.3547973632812,425.94879150390625,271.2153015136719,490.3035888671875,104.08782196044922
2024-04-17,38.53938674926758,105.66371154785156,179.40426635742188,374.1700134277344,83.88983154296875,528.8619995117188,420.7516784667969,268.5743408203125,487.4018249511719,101.25077819824219
2024-04-18,38.02827453613281,105.18258666992188,180.0828094482422,372.6300048828125,84.52473449707031,526.4357299804688,418.3507080078125,263.610595703125,486.3989562988281,99.39578247070312
2024-04-19,37.802215576171875,104.48015594482422,183.07980346679688,366.3399963378906,76.06836700439453,523.0701904296875,409.6954040527344,260.19854736328125,482.1535339355469,95.19973754882812
2024-04-22,38.500064849853516,104.52825927734375,184.32383728027344,368.92999267578125,79.3806381225586,528.0304565429688,413.8155212402344,263.5816955566406,486.59368896484375,96.97537231445312
2024-04-23,38.86374282836914,105.62522888183594,184.87045288085938,377.0799865722656,82.2806167602539,538.479248046875,419.9908447265625,266.3382263183594,492.367919921875,99.04859924316406
2024-04-24,38.85390853881836,105.48089599609375,183.5792999267578,375.010009765625,79.53936767578125,534.516845703125,421.4136962890625,265.5960998535156,492.1342468261719,99.89176940917969
2024-04-25,39.109466552734375,105.46163940429688,181.9111785888672,373.1199951171875,82.48926544189453,537.481201171875,419.3782653808594,266.935791015625,490.2646789550781,108.035888671875
2024-04-26,39.91543960571289,105.74068450927734,182.31643676757812,375.3299865722656,87.58343505859375,541.6490478515625,425.85003662109375,269.9912109375,494.9093933105469,113.2139892578125
2024-04-29,40.701751708984375,105.61561584472656,182.6179962158203,374.1400146484375,87.60541534423828,542.4317016601562,427.5791015625,269.84661865234375,496.662109375,117.34058380126953
2024-04-30,40.82953643798828,103.71036529541016,181.6378631591797,370.6199951171875,86.25274658203125,533.1080932617188,419.5166015625,261.16241455078125,488.7943420410156,115.38640594482422
2024-05-01,40.23979568481445,102.43058013916016,184.05995178222656,371.70001220703125,82.89753723144531,531.2003784179688,416.4832763671875,259.99615478515625,487.2071228027344,112.82711791992188
2024-05-02,42.618404388427734,102.39208984375,182.49546813964844,377.6499938964844,85.66874694824219,519.186279296875,421.7989501953125,260.27569580078125,491.7641906738281,116.44781494140625
2024-05-03,43.041053771972656,102.51718139648438,184.5405731201172,381.3599853515625,88.63561248779297,524.5670776367188,430.2764587402344,264.1406555175781,497.8597717285156,119.47334289550781
2024-05-06,43.72908020019531,102.228515625,183.7772216796875,383.04998779296875,91.98082733154297,538.8605346679688,434.9894714355469,267.3599853515625,503.0010986328125,120.97122192382812
2024-05-07,45.11497116088867,103.34471893310547,185.520751953125,388.6499938964844,90.39756774902344,538.263916015625,435.0586242675781,262.203369140625,503.5561218261719,120.11811065673828
2024-05-08,45.52778244018555,108.39647674560547,186.6516876220703,380.3699951171875,90.25581359863281,542.8914184570312,434.8017272949219,263.6973571777344,503.60479736328125,119.46340942382812
2024-05-09,45.70470428466797,111.22547149658203,189.08319091796875,385.45001220703125,88.59369659423828,550.1622924804688,435.75030517578125,260.71905517578125,506.5065002441406,121.62591552734375
2024-05-10,45.62607192993164,111.18697357177734,191.2413787841797,386.70001220703125,89.72273254394531,550.5941162109375,436.77783203125,264.92156982421875,507.1589050292969,121.93342590332031
2024-05-13,46.04871368408203,110.48455047607422,192.07073974609375,380.8800048828125,90.24283599853516,540.6837768554688,437.78564453125,260.3995056152344,507.2271423339844,123.84793853759766
2024-05-14,46.28461456298828,110.03229522705078,191.5146942138672,384.19000244140625,91.19818115234375,539.0842895507812,440.60162353515625,262.2586669921875,509.5543518066406,126.08981323242188
2024-05-15,46.70301055908203,110.48455047607422,193.2582550048828,399.3900146484375,94.46653747558594,542.8816528320312,447.4883117675781,266.5096130371094,515.8641357421875,130.89096069335938
2024-05-16,46.7620735168457,109.05870819091797,195.7594757080078,396.42999267578125,94.19599914550781,529.3603515625,446.5793151855469,262.5201416015625,514.8026733398438,130.43466186523438
2024-05-17,47.10663986206055,109.11671447753906,195.14361572265625,398.82000732421875,92.3192367553711,534.8748168945312,446.3619689941406,261.21295166015625,515.5427856445312,130.8512725830078
2024-05-20,47.756385803222656,109.90937042236328,193.86460876464844,400.0299987792969,94.61627197265625,537.7106323242188,449.4743347167969,262.6266784667969,516.13671875,138.3903045654297
2024-05-21,47.41182327270508,109.90937042236328,192.8129425048828,402.1099853515625,95.22122955322266,536.6018676757812,450.3536682128906,261.7938232421875,517.4026489257812,139.26397705078125
2024-05-22,47.520118713378906,110.8567123413086,192.1402587890625,400.8999938964844,94.78598022460938,535.81689453125,450.26470947265625,262.2296142578125,515.9127807617188,141.83538818359375
2024-05-23,46.968814849853516,108.7397232055664,188.90948486328125,398.3900146484375,103.61968994140625,516.6829833984375,448.2392272949219,253.73748779296875,512.1444702148438,139.2440948486328
2024-05-24,46.92942810058594,109.63871002197266,189.19371032714844,404.8500061035156,106.28507232666016,519.8818359375,452.4779968261719,255.80966186523438,515.5330200195312,142.9771270751953
2024-05-28,46.46673583984375,108.31439208984375,188.7105255126953,401.0299987792969,113.70423889160156,516.6535034179688,454.18731689453125,250.40652465820312,515.893310546875,144.18838500976562
2024-05-29,45.08848571777344,107.2220687866211,186.71144104003906,398.3999938964844,114.62663269042969,513.366455078125,450.98602294921875,247.19168090820312,512.2807006835938,140.8524932861328
2024-05-30,44.763614654541016,107.2027359008789,190.34959411621094,403.3900146484375,110.30911254882812,514.6126098632812,446.15447998046875,249.031494140625,508.8824768066406,140.2567901611328
2024-05-31,44.812835693359375,108.42072296142578,191.56231689453125,402.1199951171875,109.44361114501953,521.5401611328125,445.324462890625,249.37037658691406,513.5173950195312,139.92916870117188
2024-06-03,44.527347564697266,105.39506530761719,191.81814575195312,403.8599853515625,114.80133819580078,503.4463195800781,447.715576171875,249.78675842285156,513.9361572265625,140.0085906982422
2024-06-04,41.6231689453125,103.30709838867188,196.33740234375,406.6099853515625,116.23585510253906,502.8280944824219,448.9407653808594,246.91087341308594,514.5106811523438,138.6186065673828
2024-06-05,42.912818908691406,104.6700668334961,198.27017211914062,417.239990234375,122.2284927368164,513.376220703125,457.9913330078125,251.31674194335938,520.6256713867188,144.34722900390625
2024-06-06,43.20816421508789,102.43708801269531,197.49325561523438,418.1499938964844,120.78897857666016,505.54608154296875,457.83319091796875,247.17230224609375,520.6158447265625,142.20272827148438
2024-06-07,42.676544189453125,104.38008880615234,197.80592346191406,417.6099853515625,120.67916870117188,506.4488220214844,457.4280700683594,247.8017120361328,519.98291015625,139.88943481445312
2024-06-10,43.11955642700195,105.1050796508789,199.66293334960938,418.3800048828125,121.57959747314453,516.1236572265625,459.2757568359375,247.14328002929688,521.5896606445312,142.05380249023438
2024-06-11,42.86360549926758,104.02241516113281,198.46910095214844,418.7799987792969,120.7110595703125,513.1799926757812,462.4276428222656,247.0076904296875,522.8457641601562,143.41400146484375
2024-06-12,43.56256866455078,104.88274383544922,197.54063415527344,428.1000061035156,124.99397277832031,522.9530029296875,468.4843444824219,253.8537139892578,527.139892578125,147.79237365722656
2024-06-13,45.55118942260742,104.9117431640625,197.66378784179688,422.8999938964844,129.39671325683594,518.9692993164062,471.023681640625,252.45932006835938,528.2012939453125,146.58111572265625
2024-06-14,44.87190628051758,102.91075897216797,197.56907653808594,425.7799987792969,131.66299438476562,493.8498840332031,473.46417236328125,246.3299102783203,528.5226440429688,144.0196075439453
2024-06-17,46.063106536865234,103.7904281616211,200.80929565429688,430.0,130.7644805908203,496.5286865234375,479.2640075683594,250.31935119628906,532.7291870117188,143.70191955566406
2024-06-18,46.05326843261719,105.05674743652344,201.6809539794922,435.0,135.3568878173828,497.3136291503906,479.41229248046875,252.0623321533203,534.0826416015625,150.66163635253906
2024-06-20,46.50611877441406,104.53473663330078,202.88418579101562,432.54998779296875,130.56480407714844,498.45184326171875,475.7169189453125,252.26565551757812,532.6317138671875,146.88888549804688
2024-06-21,47.165714263916016,104.79574584960938,203.7842559814453,432.55999755859375,126.36173248291016,494.69378662109375,474.4423522949219,250.32904052734375,531.917724609375,147.38528442382812
2024-06-24,46.22062301635742,105.67539978027344,204.542236328125,429.0400085449219,117.9156494140625,500.7087097167969,469.04095458984375,257.4461364746094,530.1886596679688,144.4862518310547
2024-06-25,45.93512725830078,104.27373504638672,203.1779022216797,442.30999755859375,125.88252258300781,495.8123474121094,474.40472412109375,257.4461364746094,532.2302856445312,146.51162719726562
2024-06-26,45.76776885986328,102.58208465576172,202.21151733398438,442.55999755859375,126.1920166015625,493.1925048828125,475.38446044921875,258.5306396484375,532.8945922851562,145.816650390625
2024-06-27,45.79730224609375,104.67973327636719,203.111572265625,445.1099853515625,123.78596496582031,494.75262451171875,476.61163330078125,259.17950439453125,533.7346801757812,146.51162719726562
2024-06-28,46.03357696533203,106.48739624023438,202.31573486328125,444.8500061035156,123.33672332763672,496.31280517578125,474.1375427246094,266.55804443359375,531.6344604492188,147.2264404296875
2024-07-01,45.67916488647461,104.44773864746094,199.8618621826172,436.239990234375,124.09547424316406,491.6029052734375,476.91839599609375,257.1072082519531,532.728515625,146.71017456054688
2024-07-02,46.4568977355957,105.6270751953125,202.02203369140625,438.80999755859375,122.46814727783203,500.4535217285156,481.9259033203125,256.50689697265625,536.3135986328125,148.5270538330078
2024-07-03,46.4273567199707,105.90740203857422,201.29251098632812,434.80999755859375,128.06890869140625,503.093017578125,485.94378662109375,257.9012756347656,538.7069091796875,150.61196899414062
2024-07-05,46.54549789428711,105.81072998046875,201.08404541015625,443.760009765625,125.6229476928711,496.00860595703125,491.0106201171875,255.70321655273438,541.8134155273438,150.11557006835938
2024-07-08,46.565185546875,106.3037338256836,200.506103515625,444.5299987792969,127.98902893066406,499.2171630859375,492.1783447265625,256.710205078125,542.4385986328125,153.06427001953125
2024-07-09,47.7071647644043,105.9364013671875,199.53024291992188,442.29998779296875,131.163818359375,499.12884521484375,492.6038513183594,252.96282958984375,542.9661254882812,152.37921142578125
2024-07-10,48.5734977722168,107.78272247314453,203.21578979492188,444.739990234375,134.68801879882812,513.3468627929688,497.74005126953125,256.68121337890625,548.3389282226562,157.9887237548828
2024-07-11,49.84345626831055,110.34439086914062,203.55685424804688,443.5,127.19037628173828,518.2431640625,486.8244934082031,265.5412292480469,543.61083984375,153.68975830078125
2024-07-12,50.188018798828125,110.76970672607422,203.80322265625,444.1600036621094,129.02737426757812,527.80029296875,489.6844787597656,274.372314453125,547.0397338867188,155.2087860107422
2024-07-15,50.9755859375,113.07036590576172,204.38113403320312,437.25,128.22865295410156,534.5117797851562,491.0007019042969,276.1637268066406,548.5441284179688,158.34613037109375
2024-07-16,52.08803939819336,114.90702819824219,206.986572265625,438.010009765625,126.1520767211914,558.0023193359375,491.1886901855469,285.04315185546875,551.7969970703125,161.83094787597656
2024-07-17,50.926361083984375,114.30769348144531,208.63514709472656,426.2300109863281,117.79583740234375,547.4640502929688,476.76995849609375,278.73944091796875,544.0602416992188,151.25732421875
2024-07-18,49.528419494628906,112.65470886230469,206.22865295410156,416.1400146484375,120.8907470703125,537.3868408203125,474.51361083984375,263.827392578125,539.879150390625,148.4476318359375
2024-07-19,48.9968147277832,111.82337951660156,203.32949829101562,455.010009765625,117.73595428466797,534.423583984375,470.30767822265625,261.21295166015625,536.2940673828125,145.36985778808594
2024-07-22,49.676090240478516,113.90169525146484,205.5654296875,461.1199951171875,123.33672332763672,541.7532958984375,477.3142395019531,266.9937438964844,541.8231811523438,153.35220336914062
2024-07-23,49.99112319946289,113.69869232177734,205.9539031982422,455.05999755859375,122.3882827758789,541.3019409179688,475.6318664550781,263.52716064453125,540.9733276367188,151.17791748046875
2024-07-24,49.489051818847656,110.27671813964844,202.41995239257812,454.0199890136719,114.0619888305664,519.322509765625,458.57080078125,254.73492431640625,528.7135620117188,142.51051330566406
2024-07-25,47.9335823059082,110.76970672607422,191.80865478515625,436.739990234375,112.09524536132812,534.8944702148438,453.5138244628906,262.41363525390625,525.958740234375,123.4482192993164
2024-07-26,48.90821075439453,112.94469451904297,192.0834197998047,441.29998779296875,112.87396240234375,544.1964721679688,458.1650695800781,268.2622375488281,531.8492431640625,125.55301666259766
2024-07-29,48.71131896972656,113.87269592285156,190.8138427734375,443.6600036621094,111.4063720703125,538.2208862304688,459.0854187011719,263.5852355957031,532.1619262695312,127.0124740600586
2024-07-30,48.11079788208008,111.84270477294922,191.98867797851562,432.69000244140625,103.55931091308594,540.8603515625,452.78155517578125,266.7032470703125,529.4657592773438,120.4697265625
2024-07-31,48.84914016723633,113.20569610595703,193.9877471923828,444.6099853515625,116.82743835449219,550.62353515625,466.1809997558594,269.8211669921875,538.0719604492188,130.21932983398438
2024-08-01,38.47288513183594,109.31971740722656,193.82669067382812,450.94000244140625,109.0302963256836,524.5032958984375,454.8894348144531,256.23577880859375,530.4523315429688,120.86686706542969
2024-08-02,37.62623977661133,105.56907653808594,192.98348999023438,449.7300109863281,107.09347534179688,508.7743225097656,444.0926513671875,245.43902587890625,520.5762329101562,116.42892456054688
2024-08-05,36.277530670166016,102.84308624267578,189.21266174316406,438.0,100.28471374511719,496.8034362792969,430.8515319824219,240.40380859375,505.4151306152344,115.55524444580078
2024-08-06,37.478572845458984,104.18675231933594,188.35047912597656,447.6600036621094,104.07846069335938,508.29351806640625,434.96832275390625,242.8245849609375,510.0748596191406,117.47138977050781
2024-08-07,36.7697639465332,96.2214584350586,187.5167694091797,449.260009765625,98.74724578857422,502.87713623046875,430.25775146484375,241.26560974121094,506.66546630859375,113.43058776855469
2024-08-08,38.14801025390625,101.12242889404297,189.31689453125,463.6099853515625,104.79727935791016,557.4136352539062,443.41973876953125,250.92938232421875,518.3782958984375,121.99869537353516
2024-08-09,38.13816833496094,100.23310852050781,187.8104705810547,463.42999267578125,104.57763671875,559.1110229492188,445.7354431152344,249.97076416015625,520.6640625,120.84701538085938
2024-08-12,37.90189743041992,99.63375854492188,186.44613647460938,465.5299987792969,108.84061431884766,557.1193237304688,446.6953430175781,246.18568420410156,520.9376220703125,121.44270324707031
2024-08-13,38.55164337158203,100.62943267822266,186.3893280029297,469.2300109863281,115.94888305664062,560.798828125,457.77911376953125,253.2303924560547,529.5048217773438,126.16856384277344
2024-08-14,37.911739349365234,100.03976440429688,187.21359252929688,471.2099914550781,117.88570404052734,567.5301513671875,457.9276123046875,254.1256103515625,531.1752319335938,124.35169982910156
2024-08-15,38.804420471191406,100.8131103515625,188.0283966064453,480.1700134277344,122.6578369140625,579.746337890625,469.49627685546875,256.7041015625,540.2797241210938,130.7852020263672
2024-08-16,38.922786712646484,100.15728759765625,189.09532165527344,478.9800109863281,124.37500762939453,572.4459838867188,470.09991455078125,255.6046142578125,541.4910888671875,132.16526794433594
2024-08-19,39.031288146972656,100.88595581054688,189.6097412109375,482.1600036621094,129.7860870361328,575.4877319335938,476.2751159667969,258.046875,546.6685180664062,133.0190887451172
2024-08-20,38.58740997314453,100.18644714355469,190.59091186523438,483.2099914550781,127.0406265258789,571.356689453125,475.275634765625,258.2512512207031,545.7796020507812,130.7852020263672
2024-08-21,39.465293884277344,101.06082916259766,191.87696838378906,487.4200134277344,128.28854370117188,574.938232421875,477.49237060546875,258.387451171875,547.6550903320312,134.43882751464844
2024-08-22,38.261905670166016,101.39116668701172,190.65762329101562,490.42999267578125,123.53638458251953,576.2727661132812,469.9217834472656,255.93540954589844,543.3567504882812,130.259033203125
2024-08-23,39.14965057373047,101.66319274902344,192.88671875,486.54998779296875,129.15711975097656,582.6702880859375,475.018310546875,263.6710205078125,549.1302490234375,134.9650115966797
2024-08-26,38.9918327331543,101.92552947998047,194.1918182373047,479.19000244140625,126.25189971923828,580.1484985351562,470.4067077636719,260.8686828613281,547.8211669921875,132.04612731933594
2024-08-27,38.72550582885742,100.9053955078125,196.34475708007812,482.3500061035156,128.08888244628906,579.0103759765625,471.81201171875,256.2176208496094,548.573486328125,134.01190185546875
2024-08-28,38.261905670166016,100.9539794921875,195.287353515625,482.2099914550781,125.40331268310547,578.5675659179688,466.4581298828125,254.86508178710938,545.3887939453125,131.361083984375
2024-08-29,39.4554328918457,101.12885284423828,197.67843627929688,487.1700134277344,117.39649963378906,581.7260131835938,465.7752380371094,259.331298828125,545.4375610351562,132.99923706054688
2024-08-30,39.830257415771484,102.3918685913086,198.0594940185547,492.6300048828125,119.173583984375,590.561767578125,471.3269958496094,264.6926574707031,550.6444091796875,135.7493438720703
2024-09-03,37.73912048339844,99.11773681640625,195.15399169921875,483.44000244140625,107.8222885131836,566.11083984375,457.01708984375,254.4272003173828,539.3126831054688,123.64678955078125
2024-09-04,38.12382125854492,97.9907455444336,195.80174255371094,481.7300109863281,106.03522491455078,567.6851806640625,455.82958984375,249.73724365234375,538.2088012695312,125.85086059570312
2024-09-05,38.36054229736328,97.12606048583984,193.36306762695312,476.69000244140625,107.03358459472656,565.9632568359375,456.2551574707031,249.990234375,536.8997192382812,125.31422424316406
2024-09-06,37.709529876708984,95.3967056274414,188.74281311035156,471.82000732421875,102.66079711914062,562.1357421875,444.0333251953125,248.7836456298828,527.8636474609375,120.69319915771484
2024-09-09,37.72925567626953,96.74716186523438,191.6292724609375,479.3900146484375,106.2947998046875,570.8829956054688,449.743408203125,252.25738525390625,533.773681640625,123.42606353759766
2024-09-10,37.33470153808594,96.28081512451172,191.42922973632812,484.239990234375,107.92210388183594,571.7684936523438,453.8997802734375,254.92343139648438,536.0986938476562,124.58877563476562
2024-09-11,37.85749053955078,97.0677719116211,194.37283325195312,490.92999267578125,116.71762084960938,575.015625,463.7564392089844,249.922119140625,541.5985717773438,130.6905059814453
2024-09-12,37.7785758972168,98.58338165283203,194.9729766845703,494.010009765625,118.95413208007812,578.114990234375,468.3086853027344,251.0410614013672,546.1605834960938,127.3912124633789
2024-09-13,38.14353942871094,99.12744903564453,194.47760009765625,489.8599853515625,118.91419219970703,581.834228515625,470.4067077636719,255.82835388183594,549.0130004882812,130.4122772216797
2024-09-16,38.12382125854492,99.47721099853516,194.98252868652344,491.3900146484375,116.59780883789062,587.1967163085938,468.3284912109375,255.01100158691406,549.8238525390625,127.18253326416016
2024-09-17,38.42959213256836,100.94425201416016,194.56336975097656,483.32000732421875,115.40966796875,595.4519653320312,468.5758972167969,256.1008605957031,550.0484619140625,128.9017333984375
2024-09-18,37.95612716674805,100.73052215576172,192.08656311035156,482.0899963378906,113.19313049316406,599.25,466.54718017578125,255.65316772460938,548.4171752929688,127.06326293945312
2024-09-19,39.28774642944336,102.89707946777344,194.0489501953125,490.010009765625,117.68611145019531,615.9967041015625,478.3434753417969,260.9951477050781,557.7754516601562,132.9861297607422
2024-09-20,39.198974609375,102.16841888427734,193.71551513671875,486.20001220703125,115.81903076171875,613.7533569335938,477.4329833984375,254.54400634765625,556.811279296875,128.146484375
2024-09-23,38.87346267700195,102.0615463256836,194.11563110351562,489.07000732421875,116.07862091064453,608.7843017578125,478.6985168457031,254.0185089111328,558.2026977539062,128.88185119628906
2024-09-24,39.060874938964844,103.31483459472656,195.54454040527344,484.3999938964844,120.68143463134766,615.3275756835938,481.0075988769531,254.9137420654297,559.7998657226562,130.20358276367188
2024-09-25,38.212581634521484,101.43003845214844,196.98301696777344,484.3900146484375,123.31731414794922,611.8345947265625,481.4535217285156,251.08001708984375,558.565185546875,129.81600952148438
2024-09-26,39.751346588134766,105.80201721191406,197.22116088867188,486.3299865722656,123.84648895263672,625.1965942382812,485.07073974609375,263.84613037109375,560.77978515625,136.55377197265625
2024-09-27,39.72175598144531,106.1129150390625,197.79273986816406,479.17999267578125,121.21060180664062,622.6087646484375,482.37518310546875,263.3109436035156,559.9664916992188,133.801025390625
2024-09-30,39.94862365722656,106.2586441040039,196.91632080078125,491.2699890136719,121.25054168701172,621.6740112304688,483.68328857421875,261.21893310546875,562.21044921875,133.09544372558594
2024-10-01,39.14965057373047,106.15177917480469,196.30665588378906,484.760009765625,116.81746673583984,620.0210571289062,476.9444274902344,258.10528564453125,557.173828125,128.1862335205078
2024-10-02,39.26801681518555,107.3273696899414,194.2204132080078,486.6199951171875,118.66458129882812,617.4234619140625,477.6183166503906,259.0977478027344,557.4090576171875,130.6209716796875
2024-10-03,38.656463623046875,106.5112533569336,193.26779174804688,479.6300048828125,122.65834045410156,616.2525634765625,477.2615661621094,257.8230895996094,556.3900146484375,128.2061004638672
2024-10-04,38.981971740722656,108.26976776123047,194.12515258789062,481.95001220703125,124.7251205444336,620.5523681640625,482.9400634765625,259.8080749511719,561.4461059570312,129.6868133544922
2024-10-07,38.922786712646484,109.31903839111328,193.69647216796875,471.2300109863281,127.52074432373047,619.597900390625,477.7669677734375,260.0123596191406,556.3704223632812,128.70297241210938
2024-10-08,39.14965057373047,106.30722045898438,197.1925811767578,480.7900085449219,132.6826629638672,617.2659912109375,484.9022521972656,258.98101806640625,561.6322631835938,128.59365844726562
2024-10-09,38.42959213256836,107.72569274902344,203.57516479492188,490.3800048828125,132.44305419921875,622.6284790039062,488.7176513671875,262.5325012207031,565.5223999023438,129.65701293945312
2024-10-10,37.99557876586914,107.72569274902344,203.47988891601562,483.8399963378906,134.5996856689453,621.37890625,488.16265869140625,260.91729736328125,564.5327758789062,128.13653564453125
2024-10-11,38.9918327331543,108.87212371826172,205.75665283203125,484.7799987792969,134.58970642089844,626.9185180664062,488.92578125,263.84613037109375,567.9132690429688,131.08802795410156
2024-10-14,39.6033935546875,109.43561553955078,207.2903594970703,487.6099853515625,137.85459899902344,633.1961059570312,493.028564453125,267.84527587890625,572.557861328125,132.80726623535156
2024-10-15,39.14965057373047,106.14205932617188,206.97601318359375,478.4700012207031,131.3946990966797,627.7744750976562,486.4383544921875,264.8775634765625,568.1093139648438,126.5663833618164
2024-10-16,39.63298416137695,107.44393920898438,208.5859375,476.5899963378906,135.50827026367188,627.2431640625,486.4977722167969,266.843017578125,570.5785522460938,126.20862579345703
2024-10-17,39.44557189941406,107.30791473388672,209.1479949951172,473.7300109863281,136.7163543701172,629.5653076171875,486.8347473144531,265.2764587402344,570.6275024414062,126.41731262207031
2024-10-18,40.19522476196289,107.29821014404297,211.50096130371094,521.1500244140625,137.7847137451172,630.1557006835938,490.0257873535156,265.46136474609375,572.822509765625,125.25460815429688
2024-10-21,39.09046936035156,107.2690658569336,211.00559997558594,518.8599853515625,143.4857940673828,628.974853515625,490.9672546386719,262.6590270996094,571.8818359375,125.1452865600586
2024-10-22,38.69591522216797,106.36551666259766,211.81532287597656,517.5,143.36599731445312,619.1748657226562,491.50238037109375,261.5400695800781,571.5780639648438,124.57884979248047
2024-10-23,38.2323112487793,105.42311096191406,209.90054321289062,512.5800170898438,139.34226989746094,619.588134765625,483.9706726074219,259.2534484863281,566.3552856445312,123.6546401977539
2024-10-24,38.163272857666016,105.18022155761719,199.19309997558594,511.6300048828125,140.19094848632812,614.1173706054688,487.8951416015625,260.4599914550781,567.5802001953125,110.03006744384766
2024-10-25,38.31122589111328,105.05392456054688,198.14520263671875,511.2699890136719,141.31918334960938,611.7559204101562,490.8681335449219,262.5811767578125,567.3841552734375,111.05365753173828
2024-10-28,38.68605041503906,105.56884765625,196.33522033691406,510.8800048828125,140.30079650878906,613.6353149414062,490.94744873046875,264.0115051269531,569.13818359375,110.63626098632812
2024-10-29,40.04726028442383,105.81173706054688,196.22091674804688,516.3099975585938,141.02963256835938,615.07177734375,495.6646423339844,261.18975830078125,570.0592651367188,112.53436279296875
2024-10-30,39.90916442871094,105.91859436035156,194.5252685546875,513.77001953125,139.12261962890625,614.2650146484375,491.9186706542969,259.43829345703125,568.3346557617188,108.79779815673828
2024-10-31,39.68230056762695,105.18994140625,195.93515014648438,503.8399963378906,132.55288696289062,623.887939453125,479.501220703125,259.5161437988281,557.1934204101562,105.54817199707031
2024-11-01,39.85984802246094,105.3745346069336,199.2788543701172,506.3399963378906,135.1887664794922,624.8326416015625,483.049072265625,261.471923828125,559.545166015625,105.82643127441406
2024-11-04,40.293861389160156,106.68612670898438,197.70700073242188,507.4200134277344,135.83775329589844,627.7547607421875,481.641845703125,257.5116882324219,558.3399047851562,103.62024688720703
2024-11-05,39.297611236572266,114.3225326538086,198.8882598876953,515.1699829101562,139.6917266845703,642.9566040039062,487.7860412597656,261.93902587890625,565.0912475585938,104.79290008544922
2024-11-06,42.0200309753418,123.25110626220703,206.14724731445312,515.5499877929688,145.38284301757812,698.0673217773438,501.0359191894531,286.070068359375,579.142578125,108.32078552246094
2024-11-07,42.46391296386719,123.57170867919922,207.19512939453125,524.280029296875,148.64773559570312,678.6935424804688,508.92437744140625,269.6162109375,583.6205444335938,110.9443359375
2024-11-08,42.32582092285156,123.63971710205078,209.09083557128906,536.4500122070312,147.399658203125,686.0313110351562,509.51898193359375,264.7996520996094,586.1486206054688,110.19900512695312
2024-11-11,42.27649688720703,125.52452087402344,214.56838989257812,535.75,145.0333709716797,698.4288330078125,509.2217102050781,270.32647705078125,586.7071533203125,108.13196563720703
2024-11-12,41.61561965942383,124.74726867675781,222.82763671875,537.0700073242188,148.05862426757812,689.7200317382812,508.300048828125,270.3848876953125,584.8846435546875,107.65496826171875
2024-11-13,40.88568878173828,126.45719909667969,222.02745056152344,536.6900024414062,146.04180908203125,696.7620239257812,507.6459655761719,278.8404846191406,585.1688232421875,105.71710968017578
2024-11-14,40.05552291870117,125.33020782470703,219.7411346435547,537.7999877929688,146.5310516357422,688.05322265625,504.11798095703125,278.7042236328125,581.4061279296875,105.85624694824219
2024-11-15,39.14629364013672,123.6795883178711,219.21461486816406,527.6099853515625,141.7584991455078,689.3156127929688,492.10693359375,278.4317932128906,573.9591064453125,101.9407958984375
2024-11-18,38.14811706542969,126.00140380859375,219.08058166503906,531.6400146484375,139.93133544921875,682.1848754882812,495.52587890625,276.76025390625,576.310791015625,103.50100708007812
2024-11-19,38.800392150878906,126.39159393310547,218.45834350585938,538.8200073242188,146.78065490722656,680.291259765625,498.93499755859375,271.88250732421875,578.4175415039062,102.159423828125
2024-11-20,38.59284591674805,125.94287109375,216.99366760253906,541.8200073242188,145.6623992919922,680.9520263671875,498.6475830078125,273.7789001464844,578.6134643554688,102.93455505371094
2024-11-21,38.74109649658203,125.13317108154297,216.4384002685547,550.6199951171875,146.44119262695312,693.0338134765625,500.4413146972656,272.0389099121094,581.7196655273438,104.86246490478516
2024-11-22,40.193885803222656,126.88915252685547,219.32949829101562,547.8699951171875,141.7285614013672,697.1663818359375,501.2440490722656,284.31634521484375,583.522705078125,107.53571319580078
2024-11-25,41.0438232421875,129.5035858154297,220.7559051513672,536.5499877929688,135.8078155517578,694.75,502.0368347167969,291.97998046875,585.5020751953125,110.10247802734375
2024-11-26,39.768924713134766,129.7474822998047,220.56443786621094,542.0999755859375,136.7063751220703,697.1465454101562,504.732421875,289.34075927734375,588.55908203125,108.50072479248047
2024-11-27,39.64044189453125,129.34750366210938,219.8368682861328,538.5499877929688,135.12884521484375,690.2722778320312,500.7584228515625,288.31439208984375,586.7758178710938,107.53570556640625
2024-11-29,39.511966705322266,129.35726928710938,222.9864044189453,542.0,138.03433227539062,693.2508544921875,505.1584777832031,288.5001220703125,590.4208374023438,109.43592071533203
2024-12-02,39.857872009277344,130.4986572265625,220.13363647460938,542.8499755859375,138.41372680664062,691.0711669921875,510.65863037109375,290.4355163574219,591.4791870117188,112.61949920654297
2024-12-03,38.800392150878906,130.1376953125,217.27127075195312,541.7100219726562,140.0411834716797,691.2783203125,512.224365234375,285.0006103515625,591.7535400390625,114.87786865234375
2024-12-04,38.34577560424805,131.04495239257812,219.98045349121094,549.9500122070312,144.91355895996094,686.9287719726562,518.55712890625,287.2195739746094,595.4280395507812,116.29058074951172
2024-12-05,37.17959213256836,129.89381408691406,216.62985229492188,547.6500244140625,144.84368896484375,685.1732177734375,517.1201171875,290.41595458984375,594.4482421875,113.13683319091797
2024-12-06,37.317955017089844,127.7768783569336,216.71603393554688,550.4099731445312,142.2275848388672,686.6033325195312,521.7481079101562,288.7737731933594,595.5750122070312,117.90226745605469
2024-12-09,37.910926818847656,127.24031829833984,215.48109436035156,538.8599853515625,138.6029815673828,676.5828247070312,517.6848754882812,291.9995422363281,592.5079345703125,118.94689178466797
2024-12-10,37.485965728759766,125.99163055419922,219.30078125,538.0900268554688,134.86856079101562,668.6236572265625,515.9208984375,287.0924987792969,590.665771484375,116.42985534667969
2024-12-11,37.05112075805664,127.6695556640625,219.2816162109375,543.5999755859375,139.10223388671875,676.9674682617188,525.1571655273438,290.68963623046875,595.2319946289062,119.58361053466797
2024-12-12,37.2685432434082,127.95248413085938,217.97010803222656,544.719970703125,137.1351776123047,673.1998901367188,521.7678833007812,296.1050720214844,592.1649780273438,120.32975769042969
2024-12-13,36.64591598510742,127.01594543457031,217.90309143066406,539.5800170898438,134.04978942871094,662.5975341796875,525.7615966796875,290.5137939453125,592.0475463867188,122.58812713623047
2024-12-16,37.031349182128906,127.00621795654297,225.92535400390625,541.989990234375,131.8031463623047,664.4910888671875,533.3330078125,289.4287109375,594.5755004882812,128.81602478027344
2024-12-17,36.14188766479492,124.94779968261719,223.17788696289062,545.1599731445312,130.19554138183594,656.8475341796875,530.9843139648438,286.88720703125,592.1257934570312,127.35356140136719
2024-12-18,35.19312286376953,119.38719940185547,217.17555236816406,526.469970703125,128.71775817871094,634.9620971679688,511.82806396484375,281.21771240234375,574.4784545898438,123.13529205322266
2024-12-19,35.647735595703125,119.35792541503906,217.1947021484375,523.9099731445312,130.48509216308594,630.4943237304688,509.5487365722656,279.5657043457031,574.3020629882812,124.54801177978516
2024-12-20,35.35124969482422,121.05537414550781,218.57322692871094,524.4299926757812,134.49911499023438,638.3154907226562,513.998291015625,283.2704162597656,581.199951171875,125.30411529541016
2024-12-23,35.726802825927734,120.8992919921875,217.44361877441406,527.219970703125,139.46170043945312,636.7868041992188,519.006103515625,282.7034912109375,584.6803588867188,127.81121063232422
2024-12-24,36.26048278808594,123.14305114746094,219.1284637451172,537.02001953125,140.01089477539062,643.61181640625,526.043701171875,285.626220703125,591.1790161132812,129.29354858398438
2024-12-26,36.50755310058594,123.29913330078125,221.96209716796875,538.8300170898438,139.72132873535156,642.4774780273438,525.6864013671875,287.2684326171875,591.2184448242188,130.1690216064453
2024-12-27,35.61809158325195,122.6357650756836,219.71241760253906,534.8800048828125,136.8056640625,634.9720458984375,518.6983642578125,283.9644775390625,584.9949951171875,127.88082885742188
2024-12-30,35.25242233276367,121.22122955322266,216.9266357421875,526.9600219726562,137.28494262695312,628.0779418945312,511.7996826171875,279.2137756347656,578.3192749023438,126.0502700805664
2024-12-31,35.44020080566406,120.8992919921875,216.2469482421875,521.9600219726562,134.08973693847656,627.2988891601562,507.45208740234375,279.3604431152344,576.2152709960938,125.2742691040039
2025-01-02,35.282073974609375,119.19208526611328,215.8927459716797,524.030029296875,138.10372924804688,620.8782348632812,506.4595031738281,274.5706787109375,574.7994995117188,125.9109878540039
2025-01-03,35.82563018798828,120.42127227783203,216.85006713867188,535.2899780273438,144.2545623779297,628.9262084960938,514.747802734375,276.42791748046875,581.9865112304688,129.93028259277344
2025-01-06,36.2011833190918,119.10428619384766,212.27410888671875,542.3699951171875,149.20713806152344,632.2006225585938,520.6637573242188,275.1278381347656,585.3390502929688,139.28208923339844
2025-01-07,37.041229248046875,117.72876739501953,211.21151733398438,531.8800048828125,139.93099975585938,626.509765625,511.3728942871094,274.981201171875,578.7223510742188,138.10813903808594
2025-01-08,37.06099319458008,117.35806274414062,210.7711181640625,544.02001953125,139.9010467529297,632.6936645507812,511.46234130859375,273.2705993652344,579.56787109375,136.4467010498047
2025-01-10,36.556968688964844,115.0557861328125,208.87567138671875,547.469970703125,135.7073211669922,621.3910522460938,503.4419860839844,267.24920654296875,570.7192993164062,133.48194885253906
2025-01-13,36.7546272277832,115.57281494140625,209.746826171875,539.75,133.0313262939453,629.2318725585938,501.82403564453125,269.33123779296875,571.6043090820312,132.536865234375
2025-01-14,38.118473052978516,116.86054229736328,209.1724395751953,538.8800048828125,131.56349182128906,638.1280517578125,501.3475341796875,270.7486572265625,572.3906860351562,133.4918975830078
2025-01-15,38.06905746459961,117.76779174804688,210.16802978515625,580.1099853515625,136.03683471679688,647.310302734375,512.8816528320312,269.8982238769531,582.802490234375,134.23806762695312
2025-01-16,38.899227142333984,120.27494049072266,213.18356323242188,584.0800170898438,133.37081909179688,649.6181030273438,509.2884521484375,274.63909912109375,581.6817016601562,136.8645477294922
2025-01-17,39.264888763427734,121.48461151123047,213.07826232910156,592.6400146484375,137.504638671875,660.2699584960938,517.8844604492188,280.1522216796875,587.5216674804688,137.69027709960938
2025-01-21,40.539791107177734,126.31356048583984,215.46194458007812,604.1199951171875,140.61997985839844,669.10693359375,520.9218139648438,284.2283935546875,592.8995971679688,131.62155151367188
2025-01-22,39.907291412353516,126.76232147216797,213.56649780273438,610.4500122070312,146.85067749023438,665.2307739257812,527.582275390625,282.4493103027344,596.2326049804688,134.1087646484375
2025-01-23,40.045650482177734,127.96222686767578,216.02679443359375,608.6599731445312,147.00045776367188,670.7539672851562,528.7039184570312,284.1599426269531,599.4868774414062,131.1539764404297
2025-01-24,40.075286865234375,127.40618896484375,212.053955078125,584.0499877929688,142.40731811523438,670.0143432617188,525.716064453125,281.9410095214844,597.73681640625,129.25375366210938
2025-01-27,38.61262130737305,125.82579803466797,216.0746307373047,573.47998046875,118.24340057373047,653.6717529296875,510.4100646972656,277.8257751464844,589.2815551757812,119.65324401855469
2025-01-28,39.24512481689453,126.82085418701172,211.2785186767578,574.1400146484375,128.79763793945312,657.0841674804688,517.9539794921875,275.8902893066406,594.3449096679688,121.32462310791016
2025-01-29,38.74109649658203,125.69896697998047,211.61355590820312,572.7100219726562,123.51551818847656,656.6699829101562,516.9812622070312,272.6253967285156,591.6805419921875,121.42412567138672
2025-01-30,39.255008697509766,127.25008392333984,214.49505615234375,580.1799926757812,124.464111328125,694.2272338867188,519.1847534179688,272.7231750488281,594.8561401367188,114.48986053466797
2025-01-31,39.43290328979492,126.7720718383789,214.1696014404297,571.8800048828125,119.89093780517578,697.3438110351562,518.4303588867188,272.166015625,591.6903686523438,115.19622039794922
2025-02-03,38.49402618408203,124.72343444824219,212.91549682617188,578.5499877929688,116.48603057861328,686.21875,514.28125,264.9520568847656,587.70849609375,110.52032470703125
2025-02-04,37.950462341308594,124.56734466552734,214.00685119628906,579.6500244140625,118.47305297851562,680.2321166992188,520.59423828125,264.25799560546875,591.6510620117188,111.09734344482422
2025-02-05,38.46437072753906,121.70899963378906,212.85806274414062,590.9000244140625,124.64384460449219,679.4134521484375,522.9566650390625,264.4730529785156,594.0498657226562,112.03253173828125
2025-02-06,38.207420349121094,124.36247253417969,200.86297607421875,588.5,128.4881134033203,682.10595703125,525.6864013671875,262.6744384765625,596.1146850585938,113.48504638671875
2025-02-07,37.76268768310547,121.32853698730469,196.7465362548828,582.97998046875,129.6463623046875,676.1446533203125,519.0557250976562,262.3616638183594,590.6580810546875,112.64936065673828
2025-02-10,38.99805450439453,123.65033721923828,199.6184844970703,595.7000122070312,133.37081909179688,672.9020385742188,525.3388671875,295.5380859375,594.6693725585938,113.47509002685547
2025-02-11,39.15617752075195,123.8064193725586,198.1059112548828,591.6500244140625,132.6019744873047,673.2481079101562,524.0882568359375,296.9163818359375,595.12158203125,112.14197540283203
2025-02-12,38.7905158996582,121.45535278320312,196.25831604003906,589.6099853515625,130.94444274902344,670.6876220703125,524.3958740234375,295.1568908691406,593.2044067382812,110.968017578125
2025-02-13,33.52290725708008,122.23578643798828,196.50718688964844,591.3900146484375,135.08822631835938,685.9120483398438,531.9398803710938,291.94091796875,599.4671020507812,112.2613525390625
2025-02-14,32.81133270263672,120.83289337158203,194.0947723388672,595.5499877929688,138.64292907714844,692.268798828125,534.1732177734375,287.7767333984375,599.4378051757812,112.78919982910156
2025-02-18,32.65320587158203,122.46894836425781,199.15895080566406,600.8900146484375,139.19210815429688,687.5333862304688,535.3842163085938,295.6905822753906,601.1976318359375,114.61174774169922
2025-02-19,33.246185302734375,121.90074157714844,201.8107147216797,608.47998046875,139.02235412597656,693.553955078125,535.5330810546875,293.9134521484375,602.61328125,115.42841339111328
2025-02-20,33.008995056152344,122.2142333984375,202.32765197753906,606.5700073242188,139.9010467529297,687.5333862304688,533.2599487304688,297.68377685546875,600.1062622070312,118.067626953125
2025-02-21,32.39625549316406,119.37317657470703,202.8924560546875,591.7899780273438,134.22950744628906,659.3680419921875,522.1923217773438,289.86810302734375,589.8419799804688,115.43836975097656
2025-02-24,32.45555114746094,118.22695922851562,200.94912719726562,591.010009765625,130.08572387695312,651.5679931640625,516.0281982421875,287.3250732421875,587.157958984375,113.11785888671875
2025-02-25,32.4259033203125,117.2864761352539,202.9499053955078,573.739990234375,126.44114685058594,649.6797485351562,509.5266418457031,283.5154113769531,584.2379150390625,110.89692687988281
2025-02-26,32.80145263671875,117.42363739013672,202.30850219726562,580.9299926757812,131.084228515625,653.0608520507812,510.7575378417969,281.8854675292969,584.5328369140625,114.34285736083984
2025-02-27,32.405181884765625,117.56077575683594,203.20838928222656,563.77001953125,119.97081756591797,647.5345458984375,496.5731201171875,279.175537109375,575.2025756835938,108.36725616455078
2025-02-28,32.49433898925781,119.1380615234375,204.8926239013672,573.1500244140625,124.73370361328125,660.8905029296875,504.41473388671875,281.9444274902344,584.1788940429688,109.4129867553711
2025-03-03,31.573009490966797,114.7883071899414,204.05532836914062,566.97998046875,113.88990020751953,643.1452026367188,493.3768615722656,273.578857421875,573.9441528320312,105.3495864868164
2025-03-04,31.265897750854492,111.71212768554688,200.1863250732422,557.9600219726562,115.8170166015625,617.777587890625,491.8879699707031,263.013916015625,567.1504516601562,106.79368591308594
2025-03-05,31.79096031188965,113.48534393310547,201.74546813964844,568.02001953125,117.12506866455078,632.7549438476562,498.30023193359375,268.6989440917969,573.2461547851562,109.76156616210938
2025-03-06,32.31602096557617,113.97518157958984,203.32386779785156,538.5700073242188,110.40510559082031,623.7388305664062,484.5923156738281,266.892333984375,563.0703125,104.96117401123047
2025-03-07,33.6534423828125,116.19903564453125,206.46139526367188,518.260009765625,112.5219497680664,627.515380859375,488.1557922363281,271.52679443359375,566.226318359375,108.0983657836914
2025-03-10,33.326515197753906,109.55685424804688,205.78770446777344,482.6099853515625,106.82046508789062,599.6861572265625,469.23663330078125,265.4685974121094,551.1444702148438,104.54289245605469
2025-03-11,31.870210647583008,108.46941375732422,200.75418090820312,493.7200012207031,108.5978012084961,604.223876953125,468.1149597167969,260.3432312011719,546.56298828125,86.7157211303711
2025-03-12,30.721023559570312,108.58697509765625,198.59829711914062,497.29998779296875,115.57803344726562,606.1516723632812,473.3956298828125,257.230712890625,549.4631958007812,86.3870620727539
2025-03-13,29.978012084960938,106.98030853271484,198.92556762695312,476.7799987792969,115.41825103759766,584.9066162109375,464.8790588378906,250.66197204589844,542.1386108398438,84.98280334472656
2025-03-14,31.21636390686035,109.65482330322266,201.6011199951172,484.44000244140625,121.49972534179688,600.9515991210938,476.11541748046875,255.47314453125,553.3369750976562,86.3870620727539
2025-03-17,31.840496063232422,111.28108215332031,202.5154266357422,488.79998779296875,119.36272430419922,614.4954833984375,479.2023620605469,257.24053955078125,557.6039428710938,89.8031005859375
2025-03-18,32.038631439208984,109.57644653320312,201.86097717285156,483.95001220703125,115.2684555053711,609.3745727539062,471.0332336425781,253.45053100585938,551.5770263671875,88.5083999633789
2025-03-19,30.919157028198242,110.10547637939453,200.81192016601562,492.05999755859375,117.35552978515625,622.829345703125,477.3363342285156,255.3160400390625,557.5842895507812,88.14985656738281
2025-03-20,30.859716415405273,109.5274658203125,202.9677734375,491.80999755859375,118.3641128540039,617.599609375,475.71832275390625,253.41122436523438,555.9718017578125,87.82120513916016
2025-03-21,30.63186264038086,110.81083679199219,202.22669982910156,492.489990234375,117.5352783203125,615.0094604492188,477.28668212890625,254.09854125976562,556.1553344726562,87.1539306640625
2025-03-24,31.27580451965332,113.02490234375,203.8917236328125,508.5799865722656,121.24009704589844,635.2561645507812,487.76043701171875,263.1022644042969,566.1151123046875,90.62973022460938
2025-03-25,30.958784103393555,112.95632934570312,204.15158081054688,519.8099975585938,120.52110290527344,643.93603515625,490.54388427734375,267.90362548828125,567.4760131835938,89.58399963378906
2025-03-26,30.988508224487305,111.28108215332031,205.11398315429688,509.0299987792969,113.60079956054688,630.2438354492188,481.51751708984375,264.3983459472656,560.7013549804688,87.65189361572266
2025-03-27,30.45353889465332,109.80177307128906,206.12454223632812,507.8999938964844,111.27406311035156,619.1220703125,478.7738342285156,263.2201232910156,559.2122192382812,85.33137512207031
2025-03-28,29.7303409576416,106.43169403076172,202.43841552734375,491.8399963378906,109.51652526855469,594.5751342773438,466.1687927246094,253.94143676757812,547.95068359375,82.44316864013672
2025-03-31,29.552019119262695,107.41136169433594,203.7954864501953,495.2699890136719,108.22832489013672,600.921875,466.1488952636719,253.6959686279297,551.6289672851562,82.26390838623047
2025-04-01,29.7303409576416,107.76405334472656,205.4315948486328,496.3599853515625,109.995849609375,602.908935546875,469.9065856933594,254.04940795898438,553.1870727539062,82.27386474609375
2025-04-02,30.3049373626709,109.27274322509766,207.87620544433594,507.04998779296875,110.26546478271484,621.8110961914062,473.336181640625,256.1310119628906,556.6878051757812,83.27975463867188
2025-04-03,26.73848533630371,99.81890106201172,198.91592407226562,494.6099853515625,101.65753173828125,550.35498046875,447.99676513671875,234.82440185546875,529.2537841796875,74.78445434570312
2025-04-04,24.717496871948242,92.64769744873047,183.81532287597656,451.5799865722656,94.17801666259766,511.3348083496094,420.1722412109375,222.99282836914062,498.2696838378906,68.44038391113281
2025-04-07,24.281597137451172,94.99890899658203,180.41793823242188,463.6199951171875,97.50335693359375,525.5904541015625,421.1861877441406,223.4935760498047,497.38214111328125,72.57350158691406
2025-04-08,23.053150177001953,92.23623657226562,175.99072265625,457.6300048828125,96.16522979736328,519.4906616210938,413.60125732421875,215.00042724609375,489.591796875,67.6834716796875
2025-04-09,25.539762496948242,102.3072738647461,191.62066650390625,522.9500122070312,114.16999816894531,589.305908203125,463.24615478515625,238.0351104736328,541.0083618164062,79.11676025390625
2025-04-10,23.231473922729492,97.70281982421875,186.1251678466797,489.5199890136719,107.4194564819336,553.7952270507812,443.54327392578125,225.987548828125,517.3019409179688,71.99585723876953
2025-04-11,23.72681427001953,98.44735717773438,191.09133911132812,493.6000061035156,110.7747573852539,558.926025390625,451.7146911621094,225.22171020507812,526.5320434570312,73.35032653808594
2025-04-14,24.222156524658203,98.98617553710938,192.72747802734375,490.1300048828125,110.55506134033203,563.1177368164062,454.7765197753906,229.18844604492188,531.64013671875,73.55947875976562
2025-04-15,23.77634620666504,98.39838409423828,191.34156799316406,488.2699890136719,112.04297637939453,561.7732543945312,455.283447265625,228.8251495361328,530.1510620117188,73.75865173339844
2025-04-16,23.330541610717773,96.66435241699219,186.01931762695312,481.3399963378906,104.3437728881836,553.0735473632812,441.5550842285156,223.97471618652344,518.366943359375,70.8704605102539
2025-04-17,23.54848861694336,97.54605102539062,189.21456909179688,482.739990234375,101.34796142578125,554.6058959960938,441.4755554199219,228.0789031982422,519.1065063476562,70.96009063720703
2025-04-21,23.271100997924805,94.46009063720703,186.93362426757812,468.32000732421875,96.77438354492188,541.0521240234375,430.55047607421875,222.8160858154297,506.7503356933594,69.52593994140625
2025-04-22,23.94476318359375,97.76158905029297,190.91810607910156,478.739990234375,98.75160217285156,560.1915283203125,441.85333251953125,230.1703338623047,519.9349365234375,70.99993133544922
2025-04-23,24.747217178344727,99.01557159423828,189.89791870117188,487.92999267578125,102.5662612915039,574.190185546875,451.873779296875,235.4822540283203,527.9915161132812,72.88223266601562
2025-04-24,25.846872329711914,102.9146728515625,193.19906616210938,508.1300048828125,106.28105163574219,590.0077514648438,464.5881652832031,244.03433227539062,539.1051635742188,76.9854736328125
2025-04-25,25.916217803955078,103.1399917602539,191.67840576171875,514.5900268554688,110.85465240478516,591.2039184570312,469.7673645019531,243.87725830078125,543.0003662109375,76.80621337890625
2025-04-28,26.669137954711914,102.37584686279297,193.1220703125,514.010009765625,108.57784271240234,590.2846069335938,469.6182556152344,242.0706024169922,543.2073974609375,76.51738739013672
2025-04-29,26.550254821777344,102.953857421875,203.5452423095703,514.8900146484375,108.867431640625,595.8701171875,472.7198181152344,243.16049194335938,546.6292724609375,74.58528137207031
2025-04-30,27.045597076416016,102.97344970703125,202.59242248535156,515.7999877929688,108.76756286621094,598.1636962890625,472.66015625,243.18992614746094,546.8462524414062,73.90803527832031
2025-05-01,27.560749053955078,103.65921783447266,202.8234100341797,517.1799926757812,111.45380401611328,603.1660766601562,478.83343505859375,244.6627655029297,550.7217407226562,73.47979736328125
2025-05-02,27.570655822753906,106.11819458007812,206.0860595703125,529.4199829101562,114.33976745605469,611.9646606445312,485.94122314453125,249.0517120361328,558.8966674804688,75.57125091552734
2025-05-05,27.72916603088379,106.17697143554688,206.20156860351562,531.8200073242188,113.66072082519531,609.5426025390625,483.058349609375,249.23826599121094,555.6917724609375,75.13304901123047
2025-05-06,27.570655822753906,105.08953857421875,202.0438232421875,530.4600219726562,113.38111114501953,606.9227905273438,478.5650939941406,248.46258544921875,551.047119140625,73.76860809326172
2025-05-07,28.14525032043457,107.62689208984375,206.54803466796875,536.1500244140625,116.89617919921875,615.9190063476562,480.4438781738281,278.0365905761719,553.3645629882812,74.78445434570312
2025-05-08,29.145841598510742,110.09567260742188,206.4806671142578,538.1599731445312,117.20575714111328,634.1883544921875,485.4044494628906,285.9602355957031,557.2202758789062,76.52734375
2025-05-09,29.19537353515625,110.26222229003906,205.0273895263672,536.510009765625,116.48675537109375,642.0104370117188,485.0863037109375,289.4556884765625,556.51025390625,77.10498046875
2025-05-12,31.325340270996094,116.98278045654297,211.100341796875,561.4299926757812,122.82787322998047,662.998046875,504.8488464355469,294.3454284667969,574.9015502929688,82.72203063964844
2025-05-13,31.315431594848633,119.02049255371094,210.0224151611328,563.9500122070312,129.7481689453125,672.5748291015625,512.5430908203125,302.91717529296875,578.6981201171875,84.5545425415039
2025-05-14,31.771146774291992,119.00090026855469,209.02149963378906,565.9400024414062,135.1505889892578,668.9959716796875,515.6148071289062,301.96478271484375,579.4376831054688,83.92710876464844
2025-05-15,31.39374351501465,117.80570220947266,213.9395294189453,560.280029296875,134.6413116455078,666.8446655273438,516.1814575195312,302.2789306640625,582.267822265625,82.6523208618164
2025-05-16,31.363950729370117,118.67948150634766,215.60336303710938,563.5999755859375,135.21051025390625,674.5377807617188,518.4281616210938,303.4473876953125,585.9559326171875,82.39337921142578
2025-05-19,30.777984619140625,117.66596984863281,217.59613037109375,561.6300048828125,135.38026428222656,673.4274291992188,518.9251708984375,303.9010009765625,586.5969848632812,81.13850402832031
2025-05-20,30.758121490478516,116.1014175415039,217.71218872070312,557.1599731445312,134.1919403076172,674.1907348632812,517.1954345703125,303.7925109863281,584.6246948242188,81.08871459960938
2025-05-21,29.47694969177246,114.29087829589844,214.6263427734375,547.0700073242188,131.6155548095703,656.0782470703125,510.0081481933594,297.5606384277344,574.7733154296875,78.65863800048828
2025-05-22,29.685510635375977,115.47167205810547,216.32887268066406,542.6699829101562,132.64410400390625,651.686279296875,510.9624938964844,302.0274353027344,575.0001831054688,78.28958129882812
2025-05-23,29.516674041748047,116.34741973876953,214.7811279296875,539.5399780273438,131.10626220703125,649.3169555664062,506.2305908203125,301.2781066894531,571.0753173828125,76.78343200683594
2025-05-27,30.509830474853516,119.03372955322266,219.06646728515625,550.1900024414062,135.31036376953125,665.1294555664062,518.1397705078125,308.7227783203125,582.9483032226562,81.53128051757812
2025-05-28,30.112567901611328,117.82341003417969,217.27687072753906,552.4099731445312,134.621337890625,660.5592041015625,515.8434448242188,308.03253173828125,579.57568359375,80.04509735107422
2025-05-29,30.509830474853516,118.00053405761719,217.8379669189453,555.75,138.99520874023438,661.481201171875,516.857421875,310.5370788574219,581.8635864257812,80.77323150634766
2025-05-30,29.764963150024414,117.46917724609375,219.26963806152344,552.3400268554688,134.94090270996094,658.9730224609375,516.042236328125,311.1484069824219,581.2128295898438,78.39929962158203
2025-06-02,29.47694969177246,116.95750427246094,218.15716552734375,553.2899780273438,137.187744140625,654.6109619140625,520.1181640625,312.85430908203125,584.4867553710938,79.28702545166016
2025-06-03,30.32113265991211,118.46300506591797,219.36636352539062,551.8499755859375,141.02235412597656,658.9829711914062,524.183837890625,312.2035217285156,587.8197631835938,81.24201965332031
2025-06-04,29.615991592407227,119.66348266601562,220.02418518066406,557.9500122070312,141.7213897705078,659.4092407226562,525.6452026367188,314.44183349609375,587.6619873046875,81.8504638671875
2025-06-05,30.03311538696289,120.53923797607422,219.26963806152344,558.0599975585938,139.79409790039062,656.2664794921875,521.688720703125,316.0293884277344,584.8218994140625,81.53128051757812
2025-06-06,30.072843551635742,121.5330810546875,221.3107452392578,557.0800170898438,141.5216522216797,665.4765014648438,526.7883911132812,319.8059387207031,590.8274536132812,85.01238250732422
2025-06-09,30.926958084106445,123.58960723876953,219.71461486816406,526.1500244140625,142.43040466308594,664.1083374023438,527.5637817382812,319.8257141113281,591.3599853515625,86.57836151123047
2025-06-10,31.214975357055664,124.90817260742188,218.87301635742188,529.5999755859375,143.75852966308594,665.1492919921875,531.0531005859375,320.6835632324219,594.712890625,88.47350311279297
2025-06-11,30.629011154174805,124.46536254882812,218.44737243652344,522.4099731445312,142.6400146484375,665.9622802734375,529.263671875,320.50604248046875,593.0166625976562,86.56838989257812
2025-06-12,30.390653610229492,124.69169616699219,218.66986083984375,513.0,144.80712890625,661.1143798828125,530.5062255859375,320.604736328125,595.3734741210938,85.69063568115234
2025-06-13,29.9437313079834,123.53057861328125,216.9673309326172,512.1799926757812,141.78114318847656,648.4545288085938,523.845947265625,313.4163513183594,588.7171020507812,82.86786651611328
2025-06-16,30.331064224243164,126.62030792236328,216.77386474609375,519.0399780273438,144.49754333496094,656.1376953125,531.1325073242188,319.7763977050781,594.318359375,87.45611572265625
2025-06-17,29.69544219970703,125.33129119873047,214.54896545410156,512.1099853515625,143.92828369140625,646.5906982421875,525.953369140625,315.940673828125,589.2398681640625,86.20931243896484
2025-06-18,29.764963150024414,126.60063934326172,214.6263427734375,509.489990234375,145.28648376464844,646.6698608398438,525.8638916015625,317.31121826171875,589.1510009765625,86.03974914550781
2025-06-20,29.407426834106445,126.27592468261719,214.5586395263672,509.3599853515625,143.65866088867188,647.1060791015625,523.7166748046875,316.906982421875,587.767333984375,86.06966400146484
2025-06-23,29.62592124938965,127.33863830566406,217.4026641845703,515.0900268554688,143.97824096679688,658.4971313476562,529.1017456054688,319.293212890625,593.5730590820312,87.13693237304688
2025-06-24,30.499900817871094,128.6374969482422,217.26719665527344,523.0800170898438,147.70326232910156,669.4320678710938,537.1927490234375,321.4034118652344,600.13037109375,90.1592025756836
2025-06-25,30.569421768188477,127.36815643310547,214.54896545410156,521.6300048828125,154.10475158691406,667.7071533203125,538.566162109375,317.971923828125,600.4666748046875,89.96967315673828
2025-06-26,31.383813858032227,130.60548400878906,218.98910522460938,534.1900024414062,154.8137969970703,685.7503051757812,543.6019287109375,321.6597595214844,605.1646118164062,90.81751251220703
2025-06-27,31.244770050048828,131.0384521484375,221.37844848632812,533.7100219726562,157.54017639160156,694.5042114257812,545.4629516601562,325.34759521484375,608.1712646484375,90.11929321289062
2025-06-30,31.50299072265625,131.19589233398438,225.2769012451172,543.4099731445312,157.7798614501953,692.4520263671875,548.995849609375,327.5366516113281,611.0790405273438,89.69039916992188
2025-07-01,31.830734252929688,133.3409881591797,230.97457885742188,537.989990234375,153.09609985351562,697.2206420898438,544.3681640625,333.88677978515625,610.8812866210938,91.6852798461914
2025-07-02,32.55574035644531,135.58450317382812,231.44859313964844,540.5999755859375,157.04083251953125,705.330078125,548.159912109375,337.9591369628906,613.6505737304688,93.93952941894531
2025-07-03,32.297515869140625,137.52296447753906,232.55136108398438,544.469970703125,159.1280517578125,712.953857421875,553.553955078125,342.2287902832031,618.4869995117188,92.82237243652344
2025-07-07,31.63210105895996,136.18472290039062,231.53564453125,534.7100219726562,158.02952575683594,700.5021362304688,549.384033203125,334.2023010253906,613.8780517578125,90.35868072509766
2025-07-08,32.903350830078125,136.50946044921875,231.97097778320312,527.2999877929688,159.7871856689453,700.8292236328125,549.692626953125,333.4332275390625,613.5418090820312,91.98452758789062
2025-07-09,33.092041015625,137.56234741210938,230.9262237548828,528.1300048828125,162.66334533691406,701.4935302734375,553.5838623046875,335.5137634277344,617.2210083007812,92.5430908203125
2025-07-10,34.5023307800293,138.41839599609375,229.03988647460938,526.0499877929688,163.88172912597656,708.1456909179688,552.7876586914062,340.13836669921875,618.9617919921875,98.3681869506836
2025-07-11,34.105064392089844,137.8575439453125,228.22732543945312,512.0599975585938,164.7006378173828,708.7503051757812,551.5436401367188,338.2845764160156,616.7858276367188,96.80219268798828
2025-07-14,33.54889678955078,137.66073608398438,230.28778076171875,516.4400024414062,163.85177612304688,705.9547119140625,553.5440063476562,338.3831787109375,617.9627075195312,94.97686767578125
2025-07-15,32.992733001708984,137.45408630371094,227.6178741455078,512.22998046875,170.4729461669922,702.5344848632812,554.051513671875,341.7554626464844,615.322021484375,92.79244995117188
2025-07-16,33.092041015625,138.05433654785156,229.14630126953125,512.6400146484375,171.14205932617188,704.100830078125,554.6187744140625,346.7646179199219,617.3792114257812,91.74513244628906
2025-07-17,33.578697204589844,142.078857421875,230.58766174316406,516.1599731445312,172.7698974609375,717.0284423828125,559.107177734375,351.51739501953125,621.1573486328125,92.56304168701172
2025-07-18,33.836910247802734,141.92141723632812,228.8173828125,518.6199951171875,172.18069458007812,716.3543701171875,558.56982421875,351.0342102050781,620.7024536132812,93.68018341064453
2025-07-21,33.499244689941406,140.62254333496094,227.54049682617188,516.1199951171875,171.1520538330078,705.0921630859375,561.4658203125,345.8179931640625,621.87939453125,94.577880859375
2025-07-22,34.025611877441406,142.0296630859375,228.85610961914062,511.0,166.80784606933594,714.9068603515625,558.5599365234375,348.68743896484375,621.9684448242188,93.46073913574219
2025-07-23,34.37321853637695,144.5290069580078,231.458251953125,501.95001220703125,170.55284118652344,721.8961181640625,561.1076049804688,352.9964599609375,627.2598266601562,92.79244995117188
2025-07-24,33.93622589111328,144.46995544433594,217.151123046875,488.6099853515625,173.5089111328125,723.3336791992188,562.3018188476562,352.0301513671875,627.4674682617188,91.0968017578125
2025-07-25,33.84685134887695,147.23500061035156,216.91896057128906,495.8599853515625,173.26922607421875,732.4544067382812,563.6553955078125,353.5190124511719,630.1181030273438,89.91980743408203
2025-07-28,34.39308547973633,147.08738708496094,217.73153686523438,493.95001220703125,176.514892578125,732.6923217773438,565.4168090820312,351.0638427734375,629.9598999023438,90.90727996826172
2025-07-29,34.025611877441406,145.24732971191406,214.4812469482422,496.8699951171875,175.2765655517578,728.528564453125,564.5410766601562,348.9635009765625,628.2982788085938,90.31879425048828
2025-07-30,33.52903366088867,143.7221221923828,214.90687561035156,500.510009765625,179.03155517578125,725.722900390625,565.2974243164062,346.29132080078125,627.5070190429688,107.37512969970703
2025-07-31,40.4910774230957,143.18092346191406,215.09066772460938,481.0899963378906,177.63340759277344,725.5941162109375,562.3018188476562,346.8040466308594,625.1531982421875,107.15568542480469
2025-08-01,40.1931266784668,139.51063537597656,210.60215759277344,483.1199951171875,173.4889373779297,705.994384765625,551.2251586914062,339.69464111328125,614.9065551757812,103.89404296875
2025-08-04,41.14656448364258,140.33717346191406,213.5816192626953,483.3599853515625,179.76058959960938,712.8447875976562,561.396240234375,345.27569580078125,624.2530517578125,105.45005798339844
2025-08-05,41.5736198425293,138.32000732421875,213.84278869628906,477.0,178.02288818359375,708.7206420898438,557.5845336914062,341.1736755371094,621.0880737304688,106.65696716308594
2025-08-06,40.610252380371094,131.78628540039062,212.072509765625,474.05999755859375,179.1813507080078,691.1235961914062,564.600830078125,324.0854797363281,625.8455200195312,104.61219787597656
2025-08-07,41.07704162597656,130.70388793945312,209.50904846191406,469.80999755859375,180.52955627441406,719.1104125976562,566.5115356445312,327.9507751464844,625.3212280273438,106.18816375732422
2025-08-08,40.630123138427734,130.61534118652344,209.2478790283203,470.0799865722656,182.4569854736328,721.4698486328125,571.7960815429688,328.58184814453125,630.1972045898438,107.19558715820312
2025-08-11,40.1931266784668,129.8478240966797,209.38330078125,471.8500061035156,181.8178253173828,724.3646850585938,570.1041870117188,325.1602478027344,628.9510498046875,104.41271209716797
2025-08-12,41.911293029785156,130.82196044921875,209.9250030517578,478.19000244140625,182.9163818359375,745.5604248046875,577.2697143554688,335.0108642578125,635.6469116210938,111.34496307373047
2025-08-13,43.87774658203125,132.83917236328125,212.56588745117188,482.3500061035156,181.34844970703125,755.4842529296875,577.558349609375,344.1417236328125,637.8228149414062,113.71888732910156
2025-08-14,43.3006706237793,132.21922302246094,211.076171875,477.0799865722656,181.7778778076172,738.9182739257812,577.110595703125,342.66265869140625,637.882080078125,111.53448486328125
2025-08-15,42.484806060791016,130.15260314941406,210.78443908691406,480.260009765625,180.20997619628906,723.6708374023438,574.57275390625,337.5055847167969,636.388671875,109.1406021118164
2025-08-18,42.79323959350586,130.2316436767578,210.42466735839844,481.2799987792969,181.76788330078125,729.8569946289062,574.3438110351562,339.3367919921875,636.2501220703125,110.1280746459961
2025-08-19,43.1812744140625,129.99453735351562,210.75527954101562,479.20001220703125,175.4063720703125,737.8178100585938,566.5513916015625,340.0198059082031,632.79833984375,110.3375473022461
2025-08-20,42.494754791259766,129.3030242919922,211.0081024169922,480.45001220703125,175.16668701171875,736.5686645507812,563.1876220703125,336.1693115234375,631.1170043945312,109.24034881591797
2025-08-21,42.52460479736328,128.51272583007812,211.41650390625,469.8800048828125,174.7472381591797,726.734130859375,560.5801391601562,336.0703125,628.5850830078125,109.02091979980469
2025-08-22,44.534420013427734,132.1481170654297,216.6771240234375,476.1600036621094,177.75326538085938,745.8479614257812,569.2284545898438,347.62176513671875,638.2381591796875,115.0055923461914
2025-08-25,43.798152923583984,130.7749786376953,214.51841735839844,468.44000244140625,179.57083129882812,743.83544921875,567.5863647460938,346.4141540527344,635.42919921875,116.77106475830078
2025-08-26,43.66880798339844,131.73321533203125,216.41456604003906,474.260009765625,181.52822875976562,754.988525390625,569.8654174804688,352.0562438964844,638.0897827148438,118.30713653564453
2025-08-27,44.0269889831543,131.83200073242188,215.1407470703125,471.1499938964844,181.3584442138672,761.4821166992188,570.7412109375,345.6519775390625,639.543701171875,116.6912612915039
2025-08-28,43.808101654052734,132.9186553955078,215.2379913330078,473.8399963378906,179.93035888671875,760.2330322265625,574.31396484375,345.58270263671875,641.8085327148438,117.58897399902344
2025-08-29,43.71855163574219,130.39956665039062,213.43907165527344,473.29998779296875,173.94830322265625,752.8074340820312,567.666015625,339.9405822753906,637.9810180664062,117.9380874633789
2025-09-02,44.04689407348633,129.78709411621094,211.59153747558594,469.07000732421875,170.55284118652344,745.2352294921875,562.908935546875,334.40740966796875,633.2533569335938,120.30203247070312
2025-09-03,43.74840545654297,127.92988586425781,208.0909423828125,441.17999267578125,170.39306640625,743.8440551757812,567.3375854492188,335.21905517578125,636.6853637695312,119.32453155517578
2025-09-04,44.04689407348633,131.48623657226562,209.21890258789062,454.5199890136719,171.4316864013672,752.2212524414062,572.4728393554688,338.38653564453125,642.00634765625,119.08514404296875
2025-09-05,44.71351623535156,130.9429168701172,208.33404541015625,466.8599853515625,166.79786682128906,753.8112182617188,573.298828125,336.3078918457031,640.14697265625,120.01370239257812
2025-09-08,44.38517761230469,131.1207275390625,208.8202362060547,470.0,168.08612060546875,755.4210815429688,576.0953979492188,341.16802978515625,641.7195434570312,118.7157211303711
2025-09-09,44.13644027709961,130.448974609375,208.28541564941406,467.5400085449219,170.53285217285156,750.511962890625,577.7276000976562,339.4654846191406,643.203125,114.89166259765625
2025-09-10,44.176239013671875,132.04933166503906,205.8544464111328,449.9800109863281,177.09413146972656,760.4891357421875,577.9166259765625,335.9416809082031,645.0625610351562,117.63740539550781
2025-09-11,44.72346878051758,135.8032684326172,209.36477661132812,455.8500061035156,176.9443359375,764.8516845703125,581.2803955078125,346.9783935546875,650.4231567382812,115.38088989257812
2025-09-12,44.16628646850586,133.46200561523438,205.62106323242188,449.67999267578125,177.59349060058594,754.0299072265625,583.8480224609375,341.42535400390625,650.2055053710938,112.0660400390625
2025-09-15,43.93744659423828,134.01519775390625,205.89334106445312,433.989990234375,177.52357482910156,755.2024536132812,588.843994140625,342.9200134277344,653.6671752929688,113.8932113647461
2025-09-16,44.01704406738281,127.465576171875,205.12515258789062,434.5,174.65724182128906,749.3294677734375,588.3463745117188,338.7825012207031,652.7671508789062,113.75342559814453
2025-09-17,43.85784912109375,129.41171264648438,205.83499145507812,433.6600036621094,170.0730743408203,733.8768310546875,587.1720581054688,341.1581115722656,651.9561157226562,114.142822265625
2025-09-18,45.95721435546875,130.31068420410156,204.39585876464844,435.8299865722656,176.01551818847656,750.9690551757812,592.466552734375,345.01849365234375,655.0023803710938,118.63584899902344
2025-09-19,46.24575424194336,130.73544311523438,203.58877563476562,438.7200012207031,176.4449462890625,750.94921875,596.4771118164062,344.2860107421875,658.2465209960938,119.66424560546875
2025-09-22,46.30545425415039,131.22938537597656,203.22900390625,444.54998779296875,183.37611389160156,755.1925659179688,600.0083618164062,341.8509826660156,661.3606567382812,134.97047424316406
2025-09-23,46.19600296020508,129.86611938476562,203.53042602539062,447.75,178.2027130126953,755.4111328125,596.02294921875,339.2477111816406,657.7606201171875,134.4712677001953
2025-09-24,45.290592193603516,130.32054138183594,202.8400421142578,443.989990234375,176.74456787109375,744.0725708007812,593.9305419921875,339.000244140625,655.6677856445312,133.00355529785156
2025-09-25,44.64386749267578,128.53248596191406,201.9648895263672,438.1199951171875,177.4636688232422,740.4155883789062,591.3699340820312,336.57513427734375,652.6429443359375,132.66404724121094
2025-09-26,45.559234619140625,127.04080200195312,202.44134521484375,441.1199951171875,177.96302795410156,746.020263671875,593.801025390625,340.08905029296875,656.3819580078125,135.1002960205078
2025-09-29,45.32044219970703,127.68291473388672,203.5012664794922,439.2200012207031,181.61837768554688,748.8524169921875,596.5509643554688,341.0294189453125,658.2266845703125,134.12179565429688
2025-09-30,45.07169723510742,129.5895233154297,204.6875762939453,447.2300109863281,186.3423309326172,753.40380859375,598.1849975585938,345.9786376953125,660.7061157226562,137.42666625976562
2025-10-01,45.599029541015625,129.59939575195312,204.37640380859375,438.0400085449219,187.00149536132812,750.4920654296875,601.0545043945312,345.7707824707031,662.95751953125,140.90127563476562
2025-10-02,45.40998840332031,131.4368438720703,205.18350219726562,443.010009765625,188.64939880371094,753.3938598632812,603.5255126953125,345.1471862792969,663.7210693359375,144.3059844970703
2025-10-03,46.0666618347168,133.12611389160156,203.27761840820312,452.3500061035156,187.38099670410156,758.4519653320312,600.9848022460938,345.8499450683594,663.7112426757812,145.41429138183594
2025-10-06,46.633785247802734,133.135986328125,203.22900390625,449.69000244140625,185.30364990234375,758.66064453125,605.498291015625,345.02838134765625,666.0914916992188,147.6408233642578
2025-10-07,45.71842575073242,129.895751953125,203.2095489501953,440.94000244140625,184.80429077148438,745.9805297851562,602.3099975585938,340.72259521484375,663.6219482421875,139.9228057861328
2025-10-08,46.5143928527832,131.3281707763672,204.05552673339844,448.0899963378906,188.86911010742188,748.6239013671875,609.2147216796875,344.5730285644531,667.5791625976562,144.37588500976562
2025-10-09,46.335296630859375,129.93527221679688,198.5906982421875,443.760009765625,192.32470703125,734.1152954101562,608.4774169921875,339.3169860839844,665.6452026367188,144.96498107910156
2025-10-10,40.57447814941406,124.48220825195312,195.3623809814453,429.5899963378906,182.92669677734375,712.1734619140625,587.3545532226562,330.3589782714844,647.6542358398438,131.87530517578125
2025-10-13,43.51956558227539,126.62588500976562,197.3071746826172,435.7300109863281,188.0801239013672,724.0984497070312,599.8190307617188,335.7535705566406,657.5919189453125,138.9143829345703
2025-10-14,45.002052307128906,128.1966094970703,202.84976196289062,436.3900146484375,179.8006591796875,731.869384765625,595.8236694335938,340.5147399902344,656.78857421875,136.75772094726562
2025-10-15,45.559234619140625,128.6905517578125,196.90847778320312,435.6099853515625,179.60093688964844,733.2407836914062,600.0282592773438,348.51263427734375,659.7044067382812,140.81143188476562
2025-10-16,46.0865592956543,127.32727813720703,197.5599822998047,434.6199951171875,181.5784149169922,721.6140747070312,597.806396484375,344.4839782714844,655.2117309570312,139.08409118652344
2025-10-17,45.8079719543457,127.7125473022461,197.35577392578125,446.1300048828125,182.9866180419922,728.99755859375,601.7320556640625,344.12762451171875,658.9308471679688,137.94589233398438
2025-10-20,47.071571350097656,128.76959228515625,200.34100341796875,458.4700012207031,182.4073486328125,735.3773803710938,609.3142700195312,349.20550537109375,665.7840576171875,138.97427368164062
2025-10-21,48.0267333984375,130.5675048828125,203.30679321289062,462.739990234375,180.92922973632812,753.0857543945312,609.1549682617188,350.56158447265625,665.7741088867188,143.1078643798828
2025-10-22,46.05671691894531,128.53248596191406,200.90499877929688,527.030029296875,180.05035400390625,736.7487182617188,603.286376953125,346.7408142089844,662.3128051757812,138.62481689453125
2025-10-23,47.79789352416992,131.5751495361328,214.57676696777344,551.2999877929688,181.92796325683594,761.4033813476562,608.35791015625,353.5310974121094,666.2402954101562,144.81520080566406
2025-10-24,48.106327056884766,131.07131958007812,210.17184448242188,546.510009765625,186.02272033691406,767.1671142578125,614.8541259765625,352.8580322265625,671.6851806640625,144.05638122558594
2025-10-27,48.036678314208984,132.8297576904297,209.1313934326172,551.25,191.24607849121094,769.3334350585938,625.80419921875,357.856689453125,679.6094970703125,147.27139282226562
2025-10-28,47.051673889160156,132.8890380859375,208.4896240234375,545.3900146484375,200.77394104003906,762.2083129882812,630.6165161132812,358.3021240234375,681.41455078125,144.15623474121094
2025-10-29,47.2009162902832,134.77584838867188,207.01156616210938,537.5900268554688,206.77627563476562,770.1781616210938,633.4562377929688,364.409423828125,681.7418823242188,173.67041015625
2025-10-30,41.101810455322266,135.16114807128906,206.45411682128906,530.02001953125,202.63156127929688,769.5023803710938,623.7716064453125,361.94476318359375,674.2439575195312,176.6058807373047
2025-10-31,41.18140411376953,137.87779235839844,207.7128143310547,534.280029296875,202.23207092285156,767.9918823242188,626.7805786132812,364.6173095703125,676.4556274414062,181.47828674316406
2025-11-03,41.48984146118164,138.33221435546875,204.03994750976562,544.2100219726562,206.61647033691406,767.0478515625,629.779541015625,360.83612060546875,677.7251586914062,182.78627014160156
2025-11-04,39.79841232299805,136.06997680664062,202.68841552734375,538.8200073242188,198.43690490722656,764.1759033203125,616.996337890625,356.1937561035156,669.6917114257812,175.37774658203125
2025-11-05,40.29589080810547,130.8441162109375,203.297119140625,548.5499877929688,194.9613494873047,769.3036499023438,621.01171875,358.91583251953125,672.0125122070312,187.29925537109375
2025-11-06,39.34073257446289,129.895751953125,202.12098693847656,547.780029296875,187.84042358398438,828.927978515625,609.4439086914062,368.7152404785156,664.8021850585938,184.73326110839844
2025-11-07,39.07209014892578,127.92000579833984,200.22262573242188,560.0,187.91033935546875,840.5401000976562,607.5208740234375,369.6951599121094,665.4567260742188,181.9974822998047
2025-11-10,38.38557052612305,128.41395568847656,202.28604125976562,576.2000122070312,198.7964630126953,837.1739501953125,620.9617919921875,387.26483154296875,675.8407592773438,183.79470825195312
2025-11-11,38.206478118896484,127.95952606201172,206.76364135742188,572.1699829101562,192.91395568847656,854.40283203125,619.307861328125,388.0962829589844,677.3878784179688,176.95530700683594
2025-11-12,37.987586975097656,130.83424377441406,207.98104858398438,572.4500122070312,193.5531463623047,850.8076782226562,618.8196411132812,390.53131103515625,677.7647705078125,178.99215698242188
2025-11-13,36.94552993774414,126.90250396728516,206.20651245117188,565.510009765625,186.62196350097656,838.4785766601562,606.1858520507812,375.83221435546875,666.5179443359375,169.3271484375
2025-11-14,36.66632080078125,126.58003997802734,206.5801544189453,549.510009765625,189.92776489257812,828.5296020507812,606.6441040039062,373.2981872558594,666.408935546875,169.70657348632812
2025-11-17,35.87854766845703,125.93513488769531,203.5080108642578,546.7100219726562,186.3623046875,817.5947265625,601.4630126953125,367.68505859375,660.2002563476562,167.1804962158203
2025-11-18,35.80874252319336,125.75653839111328,198.70262145996094,546.77001953125,181.1289825439453,813.9398803710938,594.1398315429688,363.6217346191406,654.65625,163.4662628173828
2025-11-19,35.998207092285156,127.16541290283203,197.78929138183594,564.6400146484375,186.2823944091797,817.2959594726562,597.6868286132812,370.049560546875,657.185302734375,167.9692840576172
2025-11-20,34.76170349121094,122.75029754638672,195.26722717285156,552.22998046875,180.40989685058594,816.03125,583.5385131835938,366.294189453125,647.1683349609375,155.6583709716797
2025-11-21,36.78598403930664,127.21502685546875,197.21844482421875,561.6099853515625,178.6521453857422,836.1182861328125,587.9224853515625,376.2587585449219,653.6148681640625,158.66372680664062
2025-11-24,37.01533126831055,127.61188507080078,195.8069305419922,568.47998046875,182.31747436523438,836.5664672851562,602.9575805664062,381.8619384765625,663.2351684570312,165.83799743652344
2025-11-25,37.653526306152344,129.87400817871094,198.25633239746094,578.8699951171875,177.59349060058594,848.5369873046875,606.6740112304688,388.7467041015625,669.4734497070312,167.53663635253906
2025-11-26,38.102256774902344,130.40977478027344,197.18731689453125,574.22998046875,180.03038024902344,857.9481811523438,612.034423828125,391.41912841796875,674.09521484375,179.2373504638672
2025-11-28,37.99256896972656,132.33457946777344,199.4706573486328,573.47998046875,176.7745361328125,858.1573486328125,616.996337890625,393.2769470214844,677.7747192382812,181.74534606933594
2025-12-01,37.842994689941406,130.90586853027344,197.42604064941406,567.3699951171875,179.69082641601562,852.6002807617188,614.923828125,387.4154357910156,674.6803588867188,179.4871368408203
2025-12-02,38.082313537597656,130.806640625,200.46702575683594,567.719970703125,181.22885131835938,855.40869140625,619.736328125,388.64739990234375,675.9300537109375,189.78892517089844
2025-12-03,37.58372497558594,133.83274841308594,200.7991485595703,569.7100219726562,179.36123657226562,865.62646484375,621.2507934570312,397.7575378417969,678.2706298828125,194.9248504638672
2025-12-04,38.79031753540039,135.56903076171875,199.5121612548828,568.6300048828125,183.1566162109375,870.068115234375,620.6729125976562,401.25457763671875,678.7665405273438,198.47203063964844
2025-12-05,38.311668395996094,136.3131561279297,198.5780792236328,575.3400268554688,182.1877899169922,876.382080078125,623.20361328125,401.6519775390625,680.0557861328125,200.61033630371094
2025-12-08,38.311668395996094,134.8645782470703,199.26307678222656,566.8900146484375,185.323974609375,876.0534057617188,622.008056640625,399.595458984375,678.0127563476562,202.8285675048828
2025-12-09,38.11223220825195,134.18992614746094,197.37413024902344,558.1300048828125,184.7446746826172,859.3822631835938,622.7752075195312,397.9959716796875,677.4275512695312,199.8109588623047
2025-12-10,37.803104400634766,135.93612670898438,199.3357391357422,555.9199829101562,183.55612182617188,885.5940551757812,625.3258666992188,407.55322265625,681.92041015625,203.8477325439453
2025-12-11,36.77600860595703,138.47607421875,201.19354248046875,547.3599853515625,180.70957946777344,895.4334716796875,623.3032836914062,410.3547668457031,683.5072021484375,203.80776977539062
2025-12-12,35.54948043823242,135.56903076171875,200.99635314941406,542.3200073242188,174.80679321289062,881.2320556640625,611.3867797851562,402.5361633300781,676.1580810546875,193.21620178222656
2025-12-15,34.701873779296875,136.1841583251953,204.92991638183594,559.52001953125,176.0752410888672,879.8377685546875,608.3179931640625,399.0291748046875,675.1365356445312,194.54515075683594
2025-12-16,36.72615432739258,133.0390167236328,205.77059936523438,554.5800170898438,177.50350952148438,870.8947143554688,609.5236206054688,398.462890625,673.2918701171875,192.13705444335938
2025-12-17,35.65916442871094,130.60821533203125,207.46234130859375,556.8599853515625,170.7317657470703,859.6411743164062,598.2247924804688,386.9981994628906,665.8832397460938,185.0626983642578
2025-12-18,36.06801223754883,130.5685272216797,205.5837860107422,561.8900146484375,173.9278564453125,864.3816528320312,606.8931884765625,389.0646057128906,670.9114990234375,190.29852294921875
2025-12-19,36.696231842041016,131.93771362304688,206.65280151367188,572.469970703125,180.76951599121094,871.2134399414062,614.8042602539062,393.2868957519531,676.9923095703125,195.02476501464844
2025-12-22,36.47686004638672,133.9319610595703,203.38348388671875,579.8300170898438,183.4662322998047,882.8255004882812,617.7513427734375,395.99908447265625,681.2098388671875,197.06314086914062
2025-12-23,36.5566291809082,134.42803955078125,202.9060516357422,577.3400268554688,188.97950744628906,883.4927368164062,620.6444702148438,396.2375183105469,684.3233032226562,198.34213256835938
2025-12-24,36.49679946899414,135.231689453125,204.3902130126953,577.1500244140625,188.38023376464844,884.1101684570312,622.460205078125,395.62158203125,686.7305297851562,198.37210083007812
2025-12-26,36.446937561035156,134.6463165283203,204.84689331054688,577.8099975585938,190.2978973388672,884.4288940429688,622.4203491210938,397.18133544921875,686.660888671875,198.74180603027344
2025-12-29,36.367164611816406,134.16015625,204.55628967285156,575.4000244140625,187.99070739746094,886.888671875,619.4074096679688,393.8929138183594,684.2138671875,197.20303344726562
2025-12-30,36.2674446105957,134.2296142578125,203.79861450195312,572.6300048828125,187.31153869628906,885.1658325195312,617.9707641601562,391.1112060546875,683.3782958984375,196.51358032226562
2025-12-31,35.87854766845703,131.67974853515625,202.4805145263672,566.3599853515625,186.27281188964844,875.346435546875,612.8628540039062,386.5312805175781,678.3152465820312,193.4060516357422
2026-01-02,36.82586669921875,134.75546264648438,203.30044555664062,561.97998046875,188.6199493408203,890.3046264648438,611.6756591796875,395.94940185546875,679.55859375,207.39492797851562
2026-01-05,37.26462936401367,141.73036193847656,208.7078094482422,566.3800048828125,187.89083862304688,903.1614990234375,616.5341796875,402.089111328125,684.0845947265625,219.32542419433594
2026-01-06,38.49115753173828,144.4786376953125,212.70364379882812,592.8499755859375,187.0119171142578,924.941650390625,621.951416015625,410.6627502441406,688.1529541015625,228.65798950195312
2026-01-07,37.82305145263672,141.0358428955078,207.0679473876953,592.27001953125,188.87962341308594,904.6553955078125,622.550048828125,406.66900634765625,685.9347534179688,222.3030548095703
2026-01-08,37.63358688354492,142.72251892089844,213.01502990722656,585.0800170898438,184.81459045410156,902.7432250976562,619.0083618164062,401.02606201171875,685.8651123046875,216.13795471191406
2026-01-09,38.900001525878906,143.06976318359375,215.236083984375,586.239990234375,184.63479614257812,917.2035522460938,625.173828125,407.8512268066406,690.4010009765625,217.0872039794922
2026-01-12,39.318817138671875,144.22067260742188,216.5023193359375,572.75,184.71470642089844,925.120849609375,625.6925659179688,411.4277648925781,691.4852294921875,224.1815643310547
2026-01-13,39.51825714111328,145.2029266357422,218.24594116210938,561.8200073242188,185.58364868164062,934.4921264648438,624.7647705078125,414.1598205566406,690.1026000976562,229.08766174316406
2026-01-14,39.947044372558594,146.98880004882812,221.11050415039062,546.760009765625,182.91688537597656,932.3610229492188,618.0905151367188,414.4876403808594,686.7105712890625,230.00692749023438
2026-01-15,40.47555160522461,146.85983276367188,223.16551208496094,541.3400268554688,186.8221435546875,940.6965942382812,620.3153076171875,418.382080078125,688.5806884765625,227.51890563964844
2026-01-16,40.80461883544922,148.28855895996094,227.70106506347656,535.0,186.0031280517578,940.3878784179688,619.7965087890625,412.80865478515625,688.0037231445312,227.96853637695312
2026-01-20,38.81025695800781,144.08177185058594,223.2174072265625,527.4400024414062,177.8530731201172,925.6686401367188,606.6276245117188,401.36383056640625,673.9981689453125,223.80186462402344
2026-01-21,40.29605484008789,148.39768981933594,227.4727325439453,523.6900024414062,183.09669494628906,941.4036254882812,614.8282470703125,417.5574645996094,681.77685546875,231.70556640625
2026-01-22,41.59239196777344,149.082275390625,230.9703826904297,525.8099975585938,184.6148223876953,935.4083862304688,619.2976684570312,422.54473876953125,685.3379516601562,228.957763671875
2026-01-23,39.647884368896484,146.52249145507812,229.8494873046875,523.989990234375,187.44137573242188,924.1747436523438,621.2530517578125,415.113525390625,685.5865478515625,228.9977264404297
2026-01-26,39.25898742675781,147.9611358642578,229.53811645507812,528.8099975585938,186.2428436279297,929.2139892578125,623.9866333007812,417.6568298339844,689.068115234375,231.565673828125
2026-01-27,39.34873580932617,146.5125732421875,229.2786407470703,525.0399780273438,188.29034423828125,922.1630859375,629.6432495117188,417.0110778808594,691.8134765625,238.74996948242188
2026-01-28,38.93988800048828,147.25669860839844,224.84689331054688,522.0399780273438,191.2866973876953,912.5029907226562,631.728271484375,412.1927185058594,691.7438354492188,250.28077697753906
2026-01-29,38.97977828979492,149.53868103027344,235.8484344482422,507.54998779296875,192.27548217773438,944.5009155273438,627.9472045898438,423.945556640625,690.3711547851562,251.669677734375
2026-01-30,38.630767822265625,145.8081512451172,236.1390380859375,504.2200012207031,190.8971710205078,931.9925537109375,620.405029296875,418.898681640625,688.3121337890625,240.8582763671875
2026-02-02,39.647884368896484,147.46505737304688,236.18055725097656,496.7300109863281,185.38389587402344,948.0860595703125,624.6650390625,426.3497619628906,691.73388671875,249.33154296875
2026-02-03,40.73481369018555,150.90785217285156,239.65745544433594,478.8800048828125,180.12030029296875,960.3654174804688,615.0676879882812,427.5021667480469,685.885009765625,282.7549743652344
2026-02-04,40.615150451660156,156.08694458007812,244.2656707763672,478.489990234375,173.97779846191406,964.0103149414062,604.322998046875,427.03521728515625,682.5626831054688,268.85601806640625
2026-02-05,39.3786506652832,149.75694274902344,242.70884704589844,476.32000732421875,171.6706085205078,963.641845703125,595.6235961914062,404.0462341308594,674.0379638671875,270.91436767578125
2026-02-06,42.25053024291992,156.146484375,247.41046142578125,488.1499938964844,185.1841278076172,974.2877807617188,608.2138671875,412.31195068359375,686.96923828125,299.8713073730469
2026-02-09,43.59672546386719,158.75584411621094,248.92575073242188,492.8399963378906,189.80848693847656,976.6624755859375,612.8728637695312,407.9803771972656,690.2816162109375,309.763427734375
2026-02-10,43.45711898803711,160.4226837158203,252.55836486816406,495.1499938964844,188.31031799316406,989.3338012695312,610.029541015625,409.9077453613281,688.4613037109375,304.64752197265625
2026-02-11,42.908668518066406,153.4577178955078,251.89410400390625,496.1199951171875,189.8184814453125,993.584228515625,611.6657104492188,404.1157531738281,688.3021850585938,321.1943664550781
2026-02-12,58.50456619262695,143.84365844726562,248.91539001464844,478.6000061035156,186.7122802734375,979.9949340820312,599.22509765625,379.5074157714844,677.668701171875,310.7826232910156
2026-02-13,58.624229431152344,147.53375244140625,250.5240936279297,485.8399963378906,182.58731079101562,999.4908447265625,600.5020141601562,391.7966613769531,678.1461181640625,314.54119873046875
2026-02-17,56.92902374267578,148.2508544921875,251.8422088623047,493.3500061035156,184.7446746826172,1007.6524047851562,599.8834838867188,385.9351806640625,679.2402954101562,305.4146423339844
2026-02-18,56.5600700378418,150.53163146972656,250.27500915527344,500.760009765625,187.75099182128906,995.2504272460938,604.3629760742188,393.8730163574219,682.662109375,314.7011413574219
2026-02-19,55.782264709472656,150.6909942626953,249.89097595214844,499.5299987792969,187.6710968017578,1010.15673828125,602.04833984375,392.80010986328125,680.8616943359375,315.7807312011719
2026-02-20,55.87200927734375,148.0217742919922,253.21221923828125,504.04998779296875,189.58877563476562,1019.9246215820312,607.3757934570312,396.1878356933594,685.7855834960938,324.72735595703125
2026-02-23,56.31077575683594,144.92428588867188,252.2677459716797,492.1000061035156,191.31666564941406,1006.6945190429688,599.9932250976562,386.43792724609375,678.7827758789062,318.3797607421875
2026-02-24,57.716796875,150.27267456054688,252.8385772705078,494.0199890136719,192.61508178710938,1020.712890625,606.4380493164062,404.0535583496094,683.7164916992188,328.96575927734375
2026-02-25,57.25809097290039,147.84249877929688,251.3751678466797,506.1700134277344,195.32176208496094,1009.5181884765625,615.227294921875,401.142578125,689.4859008789062,342.6905822753906
2026-02-26,55.285743713378906,152.1052703857422,250.00515747070312,506.8800048828125,184.66476440429688,1012.6810302734375,607.8048095703125,410.0351257324219,685.6561889648438,332.57440185546875
2026-02-27,54.32703399658203,150.14320373535156,254.072998046875,503.510009765625,176.97415161132812,1006.9041137695312,605.8594360351562,406.1969909667969,682.3637084960938,319.9091796875
2026-03-02,53.75779724121094,151.4678497314453,258.7145080566406,496.25,182.25770568847656,1009.1290283203125,606.6575317382812,410.88250732421875,682.7516479492188,325.70697021484375
2026-03-03,53.538089752197266,145.9800262451172,254.34417724609375,497.4200134277344,179.83065795898438,986.4403076171875,600.162841796875,397.2745056152344,676.7337036132812,304.1051330566406
2026-03-04,53.09867858886719,144.62550354003906,256.555419921875,501.17999267578125,182.8170166015625,985.5623168945312,609.3112182617188,382.17108154296875,681.50830078125,305.08477783203125
2026-03-05,51.18125534057617,141.6475372314453,248.63877868652344,496.70001220703125,183.1166534423828,963.2427368164062,607.4755859375,377.33599853515625,677.7084350585938,305.4646301269531
2026-03-06,49.383670806884766,137.80307006835938,245.41580200195312,490.1600036621094,177.60337829589844,921.6367797851562,598.337158203125,368.6926574707031,668.8256225585938,272.9468994140625
2026-03-09,50.7518310546875,140.5519561767578,247.8147735595703,493.55999755859375,182.427490234375,930.0677490234375,606.3283081054688,374.3950500488281,674.6845092773438,296.3280944824219
2026-03-10,50.51215744018555,139.53607177734375,250.96475219726562,485.8500061035156,184.544921875,948.2467041015625,606.3383178710938,372.91961669921875,673.6002807617188,300.65643310546875
2026-03-11,50.921607971191406,139.00820922851562,249.74440002441406,492.8699951171875,185.8134307861328,938.3590087890625,606.2584228515625,372.1021423339844,672.7548217773438,301.8759765625
2026-03-12,48.70458221435547,131.64793395996094,243.4444580078125,479.2699890136719,182.9268035888672,900.1354370117188,595.85302734375,357.09844970703125,662.5390625,286.50177001953125
2026-03-13,47.91564178466797,131.70770263671875,244.591796875,472.1600036621094,180.0401611328125,887.8531494140625,592.3213500976562,359.8200378417969,658.7890014648438,286.3118896484375
2026-03-16,49.49352264404297,132.5542755126953,244.60223388671875,483.4599914550781,183.0067138671875,892.6224365234375,598.9656982421875,362.930419921875,665.493408203125,298.1573791503906
2026-03-17,50.052772521972656,131.9567108154297,241.37925720214844,482.760009765625,181.71820068359375,891.29541015625,601.8887939453125,356.2909240722656,667.2440185546875,299.2869567871094
2026-03-18,49.803104400634766,129.35720825195312,239.81471252441406,477.7300109863281,180.1899871826172,910.3424072265625,593.4986572265625,354.0179138183594,657.9335327148438,299.95672607421875
2026-03-19,50.18259811401367,129.3771209716797,238.8863983154297,479.92999267578125,178.3521270751953,897.9802856445312,591.623046875,354.63604736328125,656.3121337890625,302.28582763671875
2026-03-20,49.173954010009766,127.63416290283203,231.0323486328125,477.9700012207031,172.4989471435547,892.3928833007812,580.6888427734375,354.0179138183594,646.9034423828125,290.7201843261719
2026-03-23,50.73185729980469,129.30740356445312,232.60731506347656,478.0400085449219,175.43553161621094,904.0166625976562,587.3545532226562,356.72955322265625,653.6959228515625,303.8052673339844
2026-03-24,50.94157791137695,129.62611389160156,231.1053466796875,471.9100036621094,174.99603271484375,922.494873046875,583.3389282226562,360.109130859375,651.5015869140625,320.0191650390625
2026-03-25,51.540775299072266,130.33326721191406,235.5069580078125,469.9800109863281,178.47198486328125,919.481689453125,587.1747436523438,359.5408935546875,655.1322021484375,323.2379150390625
2026-03-26,49.263832092285156,125.80157470703125,234.8602752685547,468.54998779296875,171.04066467285156,899.4270629882812,573.1600952148438,353.72882080078125,643.432373046875,297.2277526855469
2026-03-27,47.52616500854492,124.8952407836914,232.72206115722656,452.6600036621094,167.32498168945312,886.4364013671875,561.9624633789062,350.4190368652344,632.4606323242188,295.4983825683594
2026-03-30,45.87837600708008,122.80369567871094,233.09754943847656,452.7799987792969,164.97772216796875,859.5371704101562,557.6671752929688,347.438232421875,630.3460693359375,276.24566650390625
2026-03-31,48.92428970336914,130.49261474609375,235.75729370117188,460.989990234375,174.1969757080078,893.2210693359375,576.54638671875,357.7763366699219,648.6688842773438,296.3480529785156
2026-04-01,49.27381896972656,131.83717346191406,238.02069091796875,464.45001220703125,175.54541015625,918.6934814453125,583.6685791015625,367.78546142578125,653.5562744140625,312.0821533203125
2026-04-02,49.10404586791992,131.1698760986328,239.32447814941406,452.07000732421875,177.18348693847656,906.0121459960938,584.3378295898438,363.8974304199219,654.144775390625,309.49310302734375
2026-04-06,49.45357894897461,132.1260223388672,238.03111267089844,452.5799865722656,177.43319702148438,910.0430297851562,587.85400390625,366.0508117675781,657.23681640625,315.3109130859375
2026-04-07,51.62066650390625,134.09803771972656,233.47305297851562,452.95001220703125,177.89266967773438,910.9110107421875,587.9439086914062,368.23406982421875,657.5260009765625,320.3590087890625
2026-04-08,53.707862854003906,142.0857696533203,242.4744415283203,462.2799987792969,181.8680419921875,963.871337890625,605.4246826171875,388.7707214355469,674.27294921875,358.1547546386719
2026-04-09,53.83768844604492,144.08767700195312,246.21893310546875,454.94000244140625,183.69590759277344,980.7731323242188,609.5202026367188,393.685546875,678.162841796875,364.0724792480469
2026-04-10,53.33835983276367,143.19129943847656,245.15504455566406,450.6199951171875,188.41041564941406,982.0103149414062,610.3992309570312,394.78216552734375,677.7140502929688,367.85107421875
2026-04-13,54.31704330444336,143.87852478027344,243.69479370117188,458.9599914550781,189.08961486816406,987.2584838867188,616.7122802734375,406.52593994140625,684.3369750976562,369.9902648925781
2026-04-14,55.50545120239258,143.97811889648438,243.27757263183594,467.2200012207031,196.28123474121094,982.7786254882812,627.909912109375,404.0236511230469,692.675537109375,365.37200927734375
2026-04-15,54.566707611083984,139.83485412597656,242.18238830566406,468.3599853515625,198.63848876953125,961.5865478515625,636.7003173828125,396.1778564453125,698.1414184570312,364.82220458984375
2026-04-16,54.89626693725586,139.8049774169922,239.25144958496094,458.0799865722656,198.1190948486328,954.841796875,639.7669067382812,401.57122802734375,699.8569946289062,365.7818603515625
2026-04-17,55.42555618286133,145.7609100341797,243.60092163085938,469.2099914550781,201.44520568847656,986.570068359375,648.1376953125,414.4515075683594,708.3152465820312,380.23638916015625
2026-04-20,55.405582427978516,146.17922973632812,239.626953125,465.6000061035156,201.82476806640625,994.1928100585938,646.0799560546875,412.4277648925781,706.8988037109375,375.0683288574219
2026-04-21,53.647945404052734,144.2470245361328,231.7833251953125,451.2900085449219,199.64732360839844,970.4963989257812,643.6226806640625,408.7790222167969,702.2708129882812,379.78656005859375
2026-04-22,53.95752716064453,142.19532775878906,229.43649291992188,483.6199951171875,202.26426696777344,952.277587890625,654.390869140625,405.7682800292969,709.3825073242188,385.0345764160156
2026-04-23,54.02743148803711,141.8666534423828,223.56419372558594,478.82000732421875,199.4075927734375,971.6837158203125,650.7048950195312,407.6524963378906,706.6295776367188,400.8385925292969
2026-04-24,54.187217712402344,140.78103637695312,222.34385681152344,482.2200012207031,208.0275421142578,972.2723388671875,663.1512451171875,399.94622802734375,712.10546875,417.9221496582031
2026-04-27,55.01610565185547,140.9005584716797,221.1756591796875,470.989990234375,216.3578338623047,972.1427001953125,663.5008544921875,405.6686096191406,713.332275390625,401.8482360839844
2026-04-28,53.66791915893555,137.86282348632812,222.09352111816406,466.6400146484375,212.92184448242188,960.0899047851562,656.8281860351562,400.055908203125,709.8612060546875,379.9864807128906
2026-04-29,53.448211669921875,136.01031494140625,219.350341796875,453.8299865722656,209.00640869140625,945.3632202148438,660.84375,398.9692687988281,709.7515258789062,306.2143249511719
2026-04-30,55.43553924560547,139.87469482421875,223.55377197265625,457.6099853515625,199.33767700195312,907.3690795898438,667.0069580078125,407.6524963378906,716.8132934570312,343.34033203125
2026-05-01,55.86496353149414,136.896728515625,221.64501953125,457.7799987792969,198.21897888183594,880.2403564453125,673.4099731445312,406.1770324707031,718.7982177734375,345.28961181640625
2026-05-04,56.224483489990234,134.9147491455078,218.6097869873047,452.3500061035156,198.24893188476562,865.7930297851562,672.141357421875,399.07891845703125,716.1649780273438,337.3125915527344
2026-05-05,58.75109100341797,137.822998046875,218.05697631835938,451.3800048828125,196.271240234375,870.721923828125,680.8617553710938,434.5893859863281,721.9102172851562,356.9651794433594
2026-05-06,62.17648696899414,147.39431762695312,226.19265747070312,451.7300109863281,207.5880584716797,900.624267578125,695.0062255859375,457.9373779296875,731.9443359375,382.3356018066406
2026-05-07,65.83157348632812,140.52207946777344,225.36866760253906,453.489990234375,211.2537841796875,884.8499755859375,694.1771240234375,447.1705627441406,729.7001342773438,353.9762878417969
2026-05-08,65.57192993164062,140.74119567871094,222.2917022705078,450.05999755859375,214.94947814941406,878.8300170898438,710.44921875,452.4941711425781,735.724609375,359.6341552734375
2026-05-11,67.16978454589844,138.86875915527344,228.53948974609375,420.05999755859375,219.18453979492188,874.3599853515625,712.5069580078125,455.2556457519531,737.4002685546875,366.5015869140625
2026-05-12,65.59190368652344,136.7274169921875,227.94496154785156,431.8699951171875,220.52297973632812,881.3400268554688,706.463623046875,453.68048095703125,736.2831420898438,358.314697265625
2026-05-13,63.55463790893555,137.20547485351562,227.33999633789062,432.2699890136719,225.56710815429688,882.3699951171875,713.9254760742188,453.59075927734375,740.4025268554688,363.2428283691406
2026-05-14,66.00135040283203,137.32501220703125,227.0896759033203,428.05999755859375,235.465576171875,880.4299926757812,718.9998168945312,455.1360168457031,746.2474975585938,356.4153747558594
2026-05-15,64.1738052368164,133.0500030517578,223.63922119140625,421.1199951171875,225.05770874023438,862.719970703125,708.1517944335938,447.3599853515625,737.2706298828125,337.75244140625
2026-05-18,61.82695770263672,132.22000122070312,227.8238067626953,439.9200134277344,222.0612030029297,858.4299926757812,705.1051025390625,436.3599853515625,736.751953125,320.92877197265625
2026-05-19,60.56864929199219,130.64999389648438,227.73989868164062,441.5799865722656,220.35317993164062,852.5599975585938,700.7599487304688,422.2900085449219,731.8446044921875,321.3985900878906
2026-05-20,63.28499984741211,132.86000061035156,227.99160766601562,449.0299987792969,223.20985412597656,859.4400024414062,712.3671875,436.2300109863281,739.3452758789062,344.2099914550781
2026-05-21,64.2699966430664,134.89999389648438,234.71421813964844,439.79998779296875,219.25445556640625,864.72998046875,713.7256469726562,440.25,740.8114624023438,353.44000244140625
2026-05-22,66.08999633789062,136.4199981689453,239.03514099121094,438.1000061035156,215.07933044433594,866.9600219726562,716.7523193359375,452.2900085449219,743.7239990234375,358.44000244140625
2026-05-26,68.33000183105469,140.97000122070312,243.02044677734375,436.6400146484375,214.60987854003906,868.030029296875,729.4783935546875,456.29998779296875,748.6613159179688,389.1400146484375
2026-05-27,66.69999694824219,139.72000122070312,242.8421630859375,418.54998779296875,212.35250854492188,856.6799926757812,728.6492919921875,456.0799865722656,748.5316162109375,375.8299865722656
2026-05-28,66.01000213623047,141.7899932861328,244.3628692626953,423.6300048828125,214.00057983398438,852.8099975585938,734.79248046875,454.79998779296875,752.6609497070312,382.6499938964844
2026-05-29,65.8499984741211,143.82000732421875,249.4598846435547,424.6400146484375,210.8942108154297,844.6300048828125,737.49951171875,451.05999755859375,754.5361328125,374.30999755859375
2026-06-01,64.63999938964844,141.64999389648438,248.0755157470703,412.260009765625,224.09881591796875,823.2999877929688,741.9246826171875,456.7099914550781,756.5908203125,369.4700012207031
2026-06-02,66.08000183105469,142.02999877929688,246.70162963867188,402.29998779296875,222.56060791015625,836.3200073242188,745.3408813476562,463.4100036621094,757.6182250976562,392.6199951171875
2026-06-03,66.05999755859375,140.8800048828125,234.1478729248047,407.2900085449219,214.5,850.760009765625,743.39306640625,461.7300109863281,752.3018798828125,409.6700134277344
2026-06-04,64.66999816894531,142.05999755859375,228.25379943847656,418.82000732421875,218.66000366210938,872.22998046875,739.7969970703125,462.239990234375,755.1445922851562,406.8599853515625
2026-06-05,60.81999969482422,138.1199951171875,224.4048309326172,422.05999755859375,205.10000610351562,882.3400268554688,704.2860107421875,446.7099914550781,735.65478515625,357.92999267578125
2026-06-08,62.38999938964844,139.07000732421875,222.12899780273438,418.6099853515625,208.63999938964844,883.1400146484375,715.283935546875,451.6600036621094,737.3204345703125,374.69000244140625
2026-06-09,61.31999969482422,142.4199981689453,226.2191925048828,426.6099853515625,208.19000244140625,905.530029296875,707.052978515625,460.4700012207031,735.1560668945312,369.2099914550781
2026-06-10,58.689998626708984,137.11000061035156,215.9202880859375,412.0199890136719,200.4199981689453,875.5999755859375,692.9285278320312,440.07000732421875,723.56591796875,347.5899963378906
2026-06-11,62.11000061035156,142.08999633789062,229.8059844970703,412.8999938964844,204.8699951171875,902.3699951171875,716.332763671875,457.5899963378906,735.8642578125,381.3999938964844
2026-06-12,63.61000061035156,143.07000732421875,231.05401611328125,411.05999755859375,205.19000244140625,903.47998046875,720.5481567382812,459.3399963378906,739.843994140625,403.20001220703125
2026-06-15,65.9000015258789,146.52000427246094,238.50025939941406,416.54998779296875,212.4499969482422,918.8599853515625,743.1832885742188,463.57000732421875,752.890380859375,432.4100036621094
2026-06-16,65.41000366210938,148.80999755859375,240.68170166015625,417.07000732421875,207.41000366210938,938.510009765625,729.0587768554688,466.30999755859375,748.4019775390625,409.3500061035156
2026-06-17,64.7699966430664,149.0,239.7587890625,402.17999267578125,204.64999389648438,945.969970703125,721.7168579101562,458.69000244140625,739.0560302734375,408.55999755859375
2026-06-18,66.0999984741211,150.66000366210938,240.17828369140625,406.7799987792969,210.69000244140625,953.27001953125,739.8070068359375,473.7900085449219,746.739990234375,437.9200134277344
2026-06-22,67.5999984741211,150.2100067138672,239.23440551757812,402.95001220703125,208.64999389648438,962.1400146484375,737.9500122070312,478.0799865722656,744.3900146484375,457.0
2026-06-23,63.959999084472656,143.13999938964844,233.2144775390625,403.17999267578125,200.0399932861328,947.5800170898438,713.6500244140625,456.3599853515625,733.5800170898438,420.1199951171875
2026-06-24,63.63999938964844,141.44000244140625,238.51075744628906,401.8299865722656,199.0,961.0900268554688,710.6199951171875,460.3699951171875,733.239990234375,427.20001220703125
2026-06-25,66.54000091552734,145.33999633789062,242.5170440673828,399.69000244140625,195.74000549316406,989.9099731445312,716.3800048828125,479.3900146484375,734.2999877929688,471.9599914550781
2026-06-26,66.55999755859375,143.49000549316406,243.5343475341797,404.70001220703125,192.52999877929688,968.9199829101562,706.52001953125,476.82000732421875,728.989990234375,436.8599853515625
2026-06-29,68.36000061035156,142.82000732421875,227.8000030517578,405.9700012207031,194.97000122070312,963.7899780273438,724.0800170898438,482.3299865722656,741.0,463.2099914550781
2026-06-30,72.41999816894531,143.14999389648438,223.89999389648438,397.67999267578125,200.08999633789062,978.1199951171875,736.4000244140625,495.0799865722656,746.77001953125,483.8399963378906
2026-07-01,71.30999755859375,139.52000427246094,221.75,402.3800048828125,197.5800018310547,963.8099975585938,725.1699829101562,482.82000732421875,745.760009765625,427.3399963378906
2026-07-02,67.80000305175781,139.0500030517578,229.86000061035156,426.010009765625,194.8300018310547,962.8900146484375,712.5999755859375,471.70001220703125,744.780029296875,369.0899963378906
2026-07-06,69.48999786376953,141.55999755859375,231.17999267578125,432.8299865722656,195.5500030517578,971.3599853515625,722.8200073242188,482.8699951171875,751.280029296875,379.5199890136719
2026-07-07,64.20999908447266,137.91000366210938,225.0500030517578,427.29998779296875,196.92999267578125,957.510009765625,709.4299926757812,468.8999938964844,747.7100219726562,343.1099853515625
2026-07-08,64.11000061035156,136.47999572753906,220.36000061035156,415.1000061035156,204.1199951171875,939.1300048828125,711.4400024414062,463.6099853515625,745.4000244140625,351.57000732421875
2026-07-09,65.76000213623047,137.8000030517578,223.4199981689453,411.54998779296875,202.77999877929688,949.1699829101562,723.280029296875,467.4800109863281,751.7100219726562,362.75
2026-07-10,66.80000305175781,138.8800048828125,226.4199981689453,406.7799987792969,210.9600067138672,961.27001953125,725.510009765625,472.1199951171875,754.9500122070312,359.6000061035156
2026-07-13,63.90999984741211,135.3800048828125,222.25,407.1199951171875,203.52999877929688,951.260009765625,711.739990234375,460.45001220703125,749.1699829101562,341.1099853515625
2026-07-14,65.02999877929688,136.08999633789062,222.67999267578125,379.5,211.8000030517578,964.5499877929688,719.6900024414062,469.7699890136719,751.8300170898438,353.2300109863281
2026-07-15,63.2400016784668,136.25,222.83999633789062,388.9700012207031,212.5,952.9500122070312,717.739990234375,461.9200134277344,754.8099975585938,342.1199951171875
2026-07-16,63.88999938964844,139.0800018310547,226.3300018310547,402.3299865722656,207.39999389648438,958.3400268554688,705.9400024414062,468.6700134277344,750.719970703125,322.29998779296875
2026-07-17,64.06999969482422,139.5399932861328,225.02000427246094,345.4200134277344,202.80999755859375,953.2100219726562,695.3300170898438,461.8500061035156,743.2899780273438,322.3599853515625
2026-07-20,63.08000183105469,136.5800018310547,226.17999267578125,353.1700134277344,203.27999877929688,950.7899780273438,696.0599975585938,458.7099914550781,742.0900268554688,333.760009765625
2026-07-21,62.939998626708984,139.25999450683594,229.86000061035156,350.05999755859375,207.2899932861328,959.5800170898438,708.969970703125,464.82000732421875,748.280029296875,374.0400085449219
2026-07-22,62.540000915527344,139.6300048828125,232.99000549316406,340.69000244140625,212.05999755859375,970.77001953125,705.3499755859375,458.20001220703125,747.4099731445312,369.4599914550781
2026-07-23,63.439998626708984,144.89999389648438,246.27000427246094,332.0199890136719,208.75999450683594,985.47998046875,691.9600219726562,460.6499938964844,738.1799926757812,373.75
2026-07-24,62.04999923706055,147.94000244140625,243.14999389648438,337.5,206.83999633789062,987.5399780273438,684.22998046875,462.1600036621094,738.9299926757812,349.9200134277344
2026-07-27,61.290000915527344,149.3000030517578,245.75,356.8299865722656,196.50999450683594,987.3099975585938,682.1199951171875,466.0,739.0900268554688,334.7699890136719
2026-07-28,60.36000061035156,151.80999755859375,247.0500030517578,361.79998779296875,197.00999450683594,990.9600219726562,675.489990234375,471.1700134277344,740.8599853515625,320.6499938964844
2026-07-29,57.81999969482422,145.72999572753906,241.1199951171875,353.1000061035156,190.00999450683594,951.0700073242188,661.72998046875,459.3900146484375,729.4600219726562,319.4100036621094
2026-07-30,62.619998931884766,148.63999938964844,241.91000366210938,352.9700012207031,195.0399932861328,962.7899780273438,683.5499877929688,471.010009765625,741.6900024414062,365.489990234375
2026-07-31,65.23999786376953,149.82000732421875,243.0500030517578,353.3299865722656,200.75,976.530029296875,687.989990234375,480.0799865722656,747.030029296875,367.69000244140625
2026-08-03,67.44000244140625,154.85000610351562,246.77000427246094,375.4100036621094,206.63999938964844,997.52001953125,700.0700073242188,480.9800109863281,757.6699829101562,365.79998779296875
2026-08-04,71.5199966430664,158.83999633789062,248.7899932861328,368.2699890136719,211.94000244140625,992.6500244140625,723.8499755859375,445.2300109863281,771.3300170898438,403.55999755859375
2026-08-05,70.70999908447266,162.47000122070312,248.1199951171875,375.20001220703125,219.22000122070312,996.9000244140625,717.2999877929688,450.04998779296875,769.7899780273438,389.3900146484375
2026-08-06,67.37999725341797,156.91000366210938,240.74000549316406,373.7099914550781,218.99000549316406,1069.800048828125,714.6500244140625,441.79998779296875,768.5599975585938,384.8900146484375
2026-08-07,66.88999938964844,158.25999450683594,246.2100067138672,378.80999755859375,223.9600067138672,1073.8699951171875,723.030029296875,441.0400085449219,773.260009765625,379.30999755859375
2026-08-10,64.36000061035156,158.7100067138672,242.92999267578125,393.3800048828125,217.5500030517578,1060.5,720.8699951171875,435.2200012207031,773.030029296875,365.1000061035156
2026-08-11,62.900001525878906,164.3800048828125,230.1199951171875,401.2300109863281,217.5,1061.3299560546875,718.4500122070312,447.0,770.5599975585938,379.55999755859375
